Tier,Total Score,Vendor/Seller Name,ID,Type,Team,Primary Owner,Other Owners,Qty Received,PO SKU Received,Damage Rate,Exp Error Rate,Overage Rate,Spec/Image Rate,Wrong Items Rate,UPC Error Rate,Packaging Rate,PO Error Rate,Responsiveness (days),QC Issue Rate,grade_damage,grade_exp_error,grade_overage,grade_spec_image_error,grade_no_data,grade_upc_error,grade_packaging_error,grade_po_error,grade_responsiveness,grade_poor_quality,damage_qty,exp_qty,overage_qty,spec_image_error,no_data_qty,upc_qty,packaging_error,po_qty,poor_quality_qty
A,100.0,US JACLEAN,8,Vendor,Non-food,emi.shi,,382.0,23,0.0,0.0,0.0,0.0,0.0,0.0,0.0,0.0,0.0,0.0,100,100,100,100,100,100,100,100,100,100,0.0,0.0,0.0,0.0,0.0,0.0,0.0,0.0,0.0
A,100.0,FAYEON,37,Vendor,Food,abby.yu,,684.0,34,0.0,0.0,0.0,0.0,0.0,0.0,0.0,0.0,0.0,0.0,100,100,100,100,100,100,100,100,100,100,0.0,0.0,0.0,0.0,0.0,0.0,0.0,0.0,0.0
A,100.0,测试供应商,225,Vendor,Food,manny.zhang@yamibuy.com,tony.xi,2.0,4,0.0,0.0,0.0,0.0,0.0,0.0,0.0,0.0,0.0,0.0,100,100,100,100,100,100,100,100,100,100,0.0,0.0,0.0,0.0,0.0,0.0,0.0,0.0,0.0
A,100.0,Simply Herbs Inc,278,Vendor,Food,janelle.zhang,,88.0,2,0.0,0.0,0.0,0.0,0.0,0.0,0.0,0.0,0.0,0.0,100,100,100,100,100,100,100,100,100,100,0.0,0.0,0.0,0.0,0.0,0.0,0.0,0.0,0.0
A,100.0,Blossoming Love,472,Vendor,Non-food,,"rocky.liu, rui.sun",48.0,3,0.0,0.0,0.0,0.0,0.0,0.0,0.0,0.0,0.0,0.0,100,100,100,100,100,100,100,100,100,100,0.0,0.0,0.0,0.0,0.0,0.0,0.0,0.0,0.0
A,100.0,"Kimnori USA, Inc",484,Vendor,Food,jessica.li,,170.0,5,0.0,0.0,0.0,0.0,0.0,0.0,0.0,0.0,0.0,0.0,100,100,100,100,100,100,100,100,100,100,0.0,0.0,0.0,0.0,0.0,0.0,0.0,0.0,0.0
A,100.0,Geller International Inc,525,Vendor,Food,zehua.li,,412.0,10,0.0,0.0,0.0,0.0,0.0,0.0,0.0,0.0,0.0,0.0,100,100,100,100,100,100,100,100,100,100,0.0,0.0,0.0,0.0,0.0,0.0,0.0,0.0,0.0
A,100.0,"Chengdu Junming Medical Device Co., Ltd. (CN)",613,Vendor,Non-food,,,100.0,4,0.0,0.0,0.0,0.0,0.0,0.0,0.0,0.0,0.0,0.0,100,100,100,100,100,100,100,100,100,100,0.0,0.0,0.0,0.0,0.0,0.0,0.0,0.0,0.0
A,100.0,Yajie International Trade,684,Vendor,Non-food,summer.xing,rui.sun,6472.0,93,0.0,0.0,0.0,0.0,0.0,0.0,0.0,0.0,0.0,0.0,100,100,100,100,100,100,100,100,100,100,0.0,0.0,0.0,0.0,0.0,0.0,0.0,0.0,0.0
A,100.0,"Meikaya Co., Ltd. (Yen)",729,Vendor,Non-food,haiwei.shen,,135.0,1,0.0,0.0,0.0,0.0,0.0,0.0,0.0,0.0,0.0,0.0,100,100,100,100,100,100,100,100,100,100,0.0,0.0,0.0,0.0,0.0,0.0,0.0,0.0,0.0
A,100.0,Mercato Commerce U.S. Inc.,779,Vendor,Non-food,kiki.hu,,33.0,11,0.0,0.0,0.0,0.0,0.0,0.0,0.0,0.0,0.0,0.0,100,100,100,100,100,100,100,100,100,100,0.0,0.0,0.0,0.0,0.0,0.0,0.0,0.0,0.0
A,100.0,Beauteers LLC.,799,Vendor,Non-food,yoona.oh,,1499.0,34,0.0,0.0,0.0,0.0,0.0,0.0,0.0,0.0,0.0,0.0,100,100,100,100,100,100,100,100,100,100,0.0,0.0,0.0,0.0,0.0,0.0,0.0,0.0,0.0
A,100.0,Beauty Soul Holding Limited,826,Vendor,Non-food,summer.xing,azure.wang,419.0,17,0.0,0.0,0.0,0.0,0.0,0.0,0.0,0.0,0.0,0.0,100,100,100,100,100,100,100,100,100,100,0.0,0.0,0.0,0.0,0.0,0.0,0.0,0.0,0.0
A,100.0,"d'Alba Global Co., Ltd",841,Vendor,Non-food,yoona.oh,,3680.0,31,0.0,0.0,0.0,0.0,0.0,0.0,0.0,0.0,0.0,0.0,100,100,100,100,100,100,100,100,100,100,0.0,0.0,0.0,0.0,0.0,0.0,0.0,0.0,0.0
A,100.0,LA Wakka USA Inc.,846,Vendor,Food,shun.sakaguchi,,160.0,6,0.0,0.0,0.0,0.0,0.0,0.0,0.0,0.0,0.0,0.0,100,100,100,100,100,100,100,100,100,100,0.0,0.0,0.0,0.0,0.0,0.0,0.0,0.0,0.0
A,100.0,"EATEA imports, LLC",853,Vendor,Food,sophia.zhu,,3520.0,14,0.0,0.0,0.0,0.0,0.0,0.0,0.0,0.0,0.0,0.0,100,100,100,100,100,100,100,100,100,100,0.0,0.0,0.0,0.0,0.0,0.0,0.0,0.0,0.0
A,100.0,HUA TIAN XIANG ZI,854,Vendor,Food,emily.wang@yamibuy.com,,2040.0,2,0.0,0.0,0.0,0.0,0.0,0.0,0.0,0.0,0.0,0.0,100,100,100,100,100,100,100,100,100,100,0.0,0.0,0.0,0.0,0.0,0.0,0.0,0.0,0.0
A,100.0,"SUPER TIMES CO.,LTD.",871,Vendor,Non-food,summer.xing,azure.wang,76.0,19,0.0,0.0,0.0,0.0,0.0,0.0,0.0,0.0,0.0,0.0,100,100,100,100,100,100,100,100,100,100,0.0,0.0,0.0,0.0,0.0,0.0,0.0,0.0,0.0
A,100.0,杭州不等食品科技有限公司,887,Vendor,Food,emily.wang@yamibuy.com,,1356.0,4,0.0,0.0,0.0,0.0,0.0,0.0,0.0,0.0,0.0,0.0,100,100,100,100,100,100,100,100,100,100,0.0,0.0,0.0,0.0,0.0,0.0,0.0,0.0,0.0
A,100.0,"Changsha Saturnbird Coffee Co., LTD.",891,Vendor,Food,emily.wang@yamibuy.com,,960.0,4,0.0,0.0,0.0,0.0,0.0,0.0,0.0,0.0,0.0,0.0,100,100,100,100,100,100,100,100,100,100,0.0,0.0,0.0,0.0,0.0,0.0,0.0,0.0,0.0
A,100.0,上海苏秉贸易有限公司,900,Vendor,Food,emily.wang@yamibuy.com,,2152.0,16,0.0,0.0,0.0,0.0,0.0,0.0,0.0,0.0,0.0,0.0,100,100,100,100,100,100,100,100,100,100,0.0,0.0,0.0,0.0,0.0,0.0,0.0,0.0,0.0
A,100.0,"Willing Group Co.,Ltd",902,Vendor,Food,emily.wang@yamibuy.com,,4398.0,6,0.0,0.0,0.0,0.0,0.0,0.0,0.0,0.0,0.0,0.0,100,100,100,100,100,100,100,100,100,100,0.0,0.0,0.0,0.0,0.0,0.0,0.0,0.0,0.0
A,100.0,广西珍星鲜供应链管理有限公司,905,Vendor,Food,emily.wang@yamibuy.com,,564.0,4,0.0,0.0,0.0,0.0,0.0,0.0,0.0,0.0,0.0,0.0,100,100,100,100,100,100,100,100,100,100,0.0,0.0,0.0,0.0,0.0,0.0,0.0,0.0,0.0
A,100.0,广州陶陶居有限公司,907,Vendor,Food,emily.wang@yamibuy.com,,10.0,1,0.0,0.0,0.0,0.0,0.0,0.0,0.0,0.0,0.0,0.0,100,100,100,100,100,100,100,100,100,100,0.0,0.0,0.0,0.0,0.0,0.0,0.0,0.0,0.0
A,100.0,杭州美阳智能家居有限公司,919,Vendor,Non-food,azure.wang,,262.0,12,0.0,0.0,0.0,0.0,0.0,0.0,0.0,0.0,0.0,0.0,100,100,100,100,100,100,100,100,100,100,0.0,0.0,0.0,0.0,0.0,0.0,0.0,0.0,0.0
A,100.0,北京尚潮创意纪念品开发有限公司,922,Vendor,Non-food,azure.wang,,2.0,1,0.0,0.0,0.0,0.0,0.0,0.0,0.0,0.0,0.0,0.0,100,100,100,100,100,100,100,100,100,100,0.0,0.0,0.0,0.0,0.0,0.0,0.0,0.0,0.0
A,100.0,饶平县新丰镇新星瓷厂,946,Vendor,Non-food,,,2040.0,3,0.0,0.0,0.0,0.0,0.0,0.0,0.0,0.0,0.0,0.0,100,100,100,100,100,100,100,100,100,100,0.0,0.0,0.0,0.0,0.0,0.0,0.0,0.0,0.0
A,100.0,BST,967,Vendor,Non-food,haiwei.shen,,4101.0,103,0.0,0.0,0.0,0.0,0.0,0.0,0.0,0.0,0.0,0.0,100,100,100,100,100,100,100,100,100,100,0.0,0.0,0.0,0.0,0.0,0.0,0.0,0.0,0.0
A,100.0,giraffe,968,Vendor,Non-food,haiwei.shen,,72.0,2,0.0,0.0,0.0,0.0,0.0,0.0,0.0,0.0,0.0,0.0,100,100,100,100,100,100,100,100,100,100,0.0,0.0,0.0,0.0,0.0,0.0,0.0,0.0,0.0
A,100.0,bitatto-japan,969,Vendor,Non-food,,,3048.0,16,0.0,0.0,0.0,0.0,0.0,0.0,0.0,0.0,0.0,0.0,100,100,100,100,100,100,100,100,100,100,0.0,0.0,0.0,0.0,0.0,0.0,0.0,0.0,0.0
A,100.0,UEHARA,971,Vendor,Non-food,haiwei.shen,,48.0,1,0.0,0.0,0.0,0.0,0.0,0.0,0.0,0.0,0.0,0.0,100,100,100,100,100,100,100,100,100,100,0.0,0.0,0.0,0.0,0.0,0.0,0.0,0.0,0.0
A,100.0,believe,977,Vendor,Non-food,haiwei.shen,,6.0,1,0.0,0.0,0.0,0.0,0.0,0.0,0.0,0.0,0.0,0.0,100,100,100,100,100,100,100,100,100,100,0.0,0.0,0.0,0.0,0.0,0.0,0.0,0.0,0.0
A,100.0,NEW WIND,989,Vendor,Non-food,Hui Liu,,1663.0,23,0.0,0.0,0.0,0.0,0.0,0.0,0.0,0.0,0.0,0.0,100,100,100,100,100,100,100,100,100,100,0.0,0.0,0.0,0.0,0.0,0.0,0.0,0.0,0.0
A,100.0,零售渠道扫货,992,Vendor,Non-food,Hui Liu,,1271.0,52,0.0,0.0,0.0,0.0,0.0,0.0,0.0,0.0,0.0,0.0,100,100,100,100,100,100,100,100,100,100,0.0,0.0,0.0,0.0,0.0,0.0,0.0,0.0,0.0
A,100.0,成都自然理念科技有限公司,1000,Vendor,Non-food,azure.wang,,1824.0,28,0.0,0.0,0.0,0.0,0.0,0.0,0.0,0.0,0.0,0.0,100,100,100,100,100,100,100,100,100,100,0.0,0.0,0.0,0.0,0.0,0.0,0.0,0.0,0.0
A,100.0,微念集团股份有限公司,1005,Vendor,Food,emily.wang@yamibuy.com,,4842.0,21,0.0,0.0,0.0,0.0,0.0,0.0,0.0,0.0,0.0,0.0,100,100,100,100,100,100,100,100,100,100,0.0,0.0,0.0,0.0,0.0,0.0,0.0,0.0,0.0
A,100.0,EZT INC,1014,Vendor,Non-food,,,960.0,8,0.0,0.0,0.0,0.0,0.0,0.0,0.0,0.0,0.0,0.0,100,100,100,100,100,100,100,100,100,100,0.0,0.0,0.0,0.0,0.0,0.0,0.0,0.0,0.0
A,100.0,"Orion F&B US, Inc",1020,Vendor,Food,jessica.li,,640.0,7,0.0,0.0,0.0,0.0,0.0,0.0,0.0,0.0,0.0,0.0,100,100,100,100,100,100,100,100,100,100,0.0,0.0,0.0,0.0,0.0,0.0,0.0,0.0,0.0
A,100.0,ca测试供应商-CA,1022,Vendor,Food,,"jessie.li, manny.zhang@yamibuy.com, tony.xi",10.0,3,0.0,0.0,0.0,0.0,0.0,0.0,0.0,0.0,0.0,0.0,100,100,100,100,100,100,100,100,100,100,0.0,0.0,0.0,0.0,0.0,0.0,0.0,0.0,0.0
A,100.0,北京尘心宁逸科技有限公司-CA,1042,Vendor,Non-food,,,132.0,14,0.0,0.0,0.0,0.0,0.0,0.0,0.0,0.0,0.0,0.0,100,100,100,100,100,100,100,100,100,100,0.0,0.0,0.0,0.0,0.0,0.0,0.0,0.0,0.0
A,100.0,"Shenzhen Huanfu International Trade Co.,  Ltd.",1100,Vendor,Non-food,,,1060.0,26,0.0,0.0,0.0,0.0,0.0,0.0,0.0,0.0,0.0,0.0,100,100,100,100,100,100,100,100,100,100,0.0,0.0,0.0,0.0,0.0,0.0,0.0,0.0,0.0
A,100.0,Jcosme (JC),1141,Vendor,Non-food,,,504.0,65,0.0,0.0,0.0,0.0,0.0,0.0,0.0,0.0,0.0,0.0,100,100,100,100,100,100,100,100,100,100,0.0,0.0,0.0,0.0,0.0,0.0,0.0,0.0,0.0
A,100.0,Orbitel International Corp,1155,Vendor,Food,,,72.0,2,0.0,0.0,0.0,0.0,0.0,0.0,0.0,0.0,0.0,0.0,100,100,100,100,100,100,100,100,100,100,0.0,0.0,0.0,0.0,0.0,0.0,0.0,0.0,0.0
A,98.0,Chunwei Inc,481,Vendor,Food,catherine.li,,12825.0,24,0.0,0.0,0.0,0.0,0.0,0.0,0.0,0.041666666666666664,0.0,0.0,100,100,100,100,100,100,100,60,100,100,0.0,0.0,0.0,0.0,0.0,0.0,0.0,1.0,0.0
A,98.0,深圳向物生活科技有限公司,928,Vendor,Non-food,azure.wang,,1142.0,20,0.0,0.0,0.0,0.05,0.0,0.0,0.0,0.0,0.0,0.0,100,100,100,60,100,100,100,100,100,100,0.0,0.0,0.0,1.0,0.0,0.0,0.0,0.0,0.0
A,98.0,上海伊黎洛国际贸易有限公司,930,Vendor,Non-food,summer.xing,,1196.0,22,0.0,0.0,0.0,0.045454545454545456,0.0,0.0,0.0,0.0,0.0,0.0,100,100,100,60,100,100,100,100,100,100,0.0,0.0,0.0,1.0,0.0,0.0,0.0,0.0,0.0
A,98.0,中山福,974,Vendor,Non-food,haiwei.shen,,451.0,27,0.0,0.0,0.0,0.0,0.0,0.0,0.0,0.037037037037037035,0.0,0.0,100,100,100,100,100,100,100,60,100,100,0.0,0.0,0.0,0.0,0.0,0.0,0.0,1.0,0.0
A,97.0,Golden Lion International Trade LTD,603,Vendor,Non-food,kiki.hu,,4274.0,238,0.0,0.0,0.0,0.0,0.0,0.0,0.0,0.0,0.0,0.0002339728591483388,100,100,100,100,100,100,100,100,100,80,0.0,0.0,0.0,0.0,0.0,0.0,0.0,0.0,1.0
A,97.0,长沙黛西生物科技有限公司,940,Vendor,Non-food,summer.xing,,350.0,13,0.0,0.0,0.002857142857142857,0.0,0.0,0.0,0.0,0.0,0.0,0.0,100,100,80,100,100,100,100,100,100,100,0.0,0.0,1.0,0.0,0.0,0.0,0.0,0.0,0.0
A,97.0,"UNQ Japan Co., Ltd. (Yen)",960,Vendor,Non-food,Hui Liu,,48569.0,221,0.0,0.0009882847083530647,4.117852951471103e-05,0.0,0.0,0.0,0.0,0.0,0.0,0.0,100,80,100,100,100,100,100,100,100,100,0.0,48.0,2.0,0.0,0.0,0.0,0.0,0.0,0.0
A,97.0,NOVARCA,970,Vendor,Non-food,haiwei.shen,,17988.0,47,0.0,0.0,0.00133422281521014,0.0,0.0,0.0,0.0,0.0,0.0,0.0,100,100,80,100,100,100,100,100,100,100,0.0,0.0,24.0,0.0,0.0,0.0,0.0,0.0,0.0
A,97.0,YUSHO TRADING,986,Vendor,Non-food,Hui Liu,,6542.0,138,0.0,0.0,0.0045857535921736475,0.0,0.0,0.0,0.0,0.0,0.0,0.0,100,100,80,100,100,100,100,100,100,100,0.0,0.0,30.0,0.0,0.0,0.0,0.0,0.0,0.0
A,96.0,"Chun Yuen Trading Co., Inc.(CY)",68,Vendor,Food,zehua.li,,1930.0,40,0.0,0.0,0.0,0.0,0.012435233160621761,0.0,0.0,0.0,0.0,0.0,100,100,100,100,60,100,100,100,100,100,0.0,0.0,0.0,0.0,24.0,0.0,0.0,0.0,0.0
A,96.0,Family Foods International Inc.,197,Vendor,Food,sonia.yang,,7999.0,149,0.0,0.0025003125390673834,0.0,0.006711409395973154,0.0,0.0,0.0,0.0,0.0,0.0,100,80,100,80,100,100,100,100,100,100,0.0,20.0,0.0,1.0,0.0,0.0,0.0,0.0,0.0
A,96.0,Chan & Chan USA Inc,390,Vendor,Food,sophia.zhu,,5615.0,73,0.0,0.008904719501335707,0.0,0.0136986301369863,0.0,0.0,0.0,0.0,0.0,0.0,100,80,100,80,100,100,100,100,100,100,0.0,50.0,0.0,1.0,0.0,0.0,0.0,0.0,0.0
A,96.0,St. Cousair Inc,519,Vendor,Food,shun.sakaguchi,,192.0,16,0.0,0.0,0.0,0.1875,0.0,0.0,0.0,0.0,0.0,0.0,100,100,100,20,100,100,100,100,100,100,0.0,0.0,0.0,3.0,0.0,0.0,0.0,0.0,0.0
A,96.0,"Yongkang Kuhao Trading Co.,Ltd",610,Vendor,Non-food,summer.xing,azure.wang,300.0,10,0.0,0.0,0.0,0.1,0.0,0.0,0.0,0.0,0.0,0.0,100,100,100,20,100,100,100,100,100,100,0.0,0.0,0.0,1.0,0.0,0.0,0.0,0.0,0.0
A,96.0,Daon USA,682,Vendor,Food,,"jessica.li, yuri.jang",1435.0,54,0.0,0.0,0.0,0.0,0.011149825783972125,0.0,0.0,0.0,0.0,0.0,100,100,100,100,60,100,100,100,100,100,0.0,0.0,0.0,0.0,16.0,0.0,0.0,0.0,0.0
A,96.0,"R1 CO.,LTD (Yen)",731,Vendor,Non-food,Hui Liu,,6061.0,85,0.0,0.0,0.0,0.0,0.008909420887642303,0.0,0.0,0.0,0.0,0.0,100,100,100,100,60,100,100,100,100,100,0.0,0.0,0.0,0.0,54.0,0.0,0.0,0.0,0.0
A,96.0,湖南铁蛋有限公司,882,Vendor,Food,emily.wang@yamibuy.com,,20731.0,69,0.0,0.0,0.0,0.08695652173913043,0.0,0.0,0.0,0.0,0.0,0.0,100,100,100,20,100,100,100,100,100,100,0.0,0.0,0.0,6.0,0.0,0.0,0.0,0.0,0.0
A,96.0,上海黑番食品有限公司,898,Vendor,Food,emily.wang@yamibuy.com,,32839.0,64,9.135479155881726e-05,0.0,0.0,0.0,0.0,0.009135479155881726,0.0,0.0,0.0,0.0,100,100,100,100,100,60,100,100,100,100,3.0,0.0,0.0,0.0,0.0,300.0,0.0,0.0,0.0
A,96.0,杭州小节文化创意有限公司,914,Vendor,Non-food,azure.wang,,245.0,18,0.0,0.0,0.0,0.0,0.0,0.0,0.0,0.05555555555555555,0.0,0.0,100,100,100,100,100,100,100,20,100,100,0.0,0.0,0.0,0.0,0.0,0.0,0.0,1.0,0.0
A,96.0,长沙浴见熙上科技有限公司,934,Vendor,Non-food,summer.xing,,732.0,22,0.0,0.0,0.0,0.0,0.03278688524590164,0.0,0.0,0.0,0.0,0.0,100,100,100,100,60,100,100,100,100,100,0.0,0.0,0.0,0.0,24.0,0.0,0.0,0.0,0.0
A,96.0,佩莱进出口（苏州）有限公司,962,Vendor,Non-food,summer.xing,azure.wang,4562.0,81,0.0,0.0,0.0,0.0,0.01183691363437089,0.0,0.0,0.0,0.0,0.0,100,100,100,100,60,100,100,100,100,100,0.0,0.0,0.0,0.0,54.0,0.0,0.0,0.0,0.0
A,96.0,ITO Corporation,963,Vendor,Non-food,haiwei.shen,,69101.0,108,1.447157059955717e-05,0.0,0.0,0.0,0.0011577256479645736,0.0,0.0,0.027777777777777776,0.0,0.0,100,100,100,100,80,100,100,60,100,100,1.0,0.0,0.0,0.0,80.0,0.0,0.0,3.0,0.0
A,96.0,Maple International,976,Vendor,Non-food,haiwei.shen,,17026.0,191,0.0,0.0,0.0014096088335486903,0.010471204188481676,0.0,0.0,0.0,0.0,0.0,0.0,100,100,80,80,100,100,100,100,100,100,0.0,0.0,24.0,2.0,0.0,0.0,0.0,0.0,0.0
A,96.0,Filotimo,988,Vendor,Non-food,Hui Liu,,4946.0,423,0.0,0.0,0.004245855236554792,0.0,0.0,0.0,0.0,0.0070921985815602835,0.0,0.0,100,100,80,100,100,100,100,80,100,100,0.0,0.0,21.0,0.0,0.0,0.0,0.0,3.0,0.0
A,96.0,ENGINGER PRODUCTS INC,1003,Vendor,Food,sonia.yang,,27400.0,15,0.0,0.0,0.0,0.0,0.0,0.0,0.0,0.06666666666666667,0.0,0.0,100,100,100,100,100,100,100,20,100,100,0.0,0.0,0.0,0.0,0.0,0.0,0.0,1.0,0.0
A,96.0,Sora Mori Global,1008,Vendor,Food,satoshi.abe,,28532.0,62,0.0,0.0,0.0,0.0,0.0008411608019066311,0.0,0.0,0.03225806451612903,0.0,0.0,100,100,100,100,80,100,100,60,100,100,0.0,0.0,0.0,0.0,24.0,0.0,0.0,2.0,0.0
A,96.0,Asian America Trading Inc.-Consignment,1129,Vendor,Food,Shanshan Gao,,581.0,18,0.0,0.0,0.0,0.0,0.04130808950086059,0.0,0.0,0.0,0.0,0.0,100,100,100,100,60,100,100,100,100,100,0.0,0.0,0.0,0.0,24.0,0.0,0.0,0.0,0.0
A,95.0,"ChongQingDingShi Tech Co, Ltd",439,Vendor,Food,,"azure.wang, rocky.liu",91500.0,77,9.836065573770491e-05,0.0,0.0029508196721311475,0.0,0.0,0.0,0.0,0.012987012987012988,0.0,1.092896174863388e-05,100,100,80,100,100,100,100,60,100,100,9.0,0.0,270.0,0.0,0.0,0.0,0.0,1.0,1.0
A,95.0,Korsmet US,806,Vendor,Non-food,josephine.lee,,6201.0,202,0.0,0.004837929366231253,0.0,0.009900990099009901,0.0,0.0,0.0,0.0049504950495049506,0.0,0.0,100,80,100,80,100,100,100,80,100,100,0.0,30.0,0.0,2.0,0.0,0.0,0.0,1.0,0.0
A,95.0,Momoko International INC,1017,Vendor,Non-food,emi.shi,,5270.0,167,0.0,0.008159392789373814,0.0,0.023952095808383235,0.0,0.0,0.0,0.005988023952095809,0.0,0.0,100,80,100,80,100,100,100,80,100,100,0.0,43.0,0.0,4.0,0.0,0.0,0.0,1.0,0.0
B,94.0,PRESIDENT GLOBAL,14,Vendor,Food,sonia.yang,,15245.0,120,0.0,0.023351918661856347,0.0,0.0,0.0,0.0,0.0,0.0,0.0,0.0,100,60,100,100,100,100,100,100,100,100,0.0,356.0,0.0,0.0,0.0,0.0,0.0,0.0,0.0
B,94.0,New Island Group Inc.,39,Vendor,Food,Shanshan Gao,,1700.0,29,0.0,0.0,0.011764705882352941,0.0,0.0,0.0,0.0,0.0,0.0,0.0,100,100,60,100,100,100,100,100,100,100,0.0,0.0,20.0,0.0,0.0,0.0,0.0,0.0,0.0
B,94.0,Narita USA Corp (NA),157,Vendor,Non-food,Jessica.Pfeiff,,1697.0,113,0.0005892751915144372,0.0,0.0,0.0,0.0,0.0,0.0,0.0,0.0,0.0,60,100,100,100,100,100,100,100,100,100,1.0,0.0,0.0,0.0,0.0,0.0,0.0,0.0,0.0
B,94.0,Super World Trading Inc,311,Vendor,Food,,"Jessica.Pfeiff, jason.wu",552.0,13,0.0,0.021739130434782608,0.0,0.0,0.0,0.0,0.0,0.0,0.0,0.0,100,60,100,100,100,100,100,100,100,100,0.0,12.0,0.0,0.0,0.0,0.0,0.0,0.0,0.0
B,94.0,"Shanghai Hanxun Trading Co., Ltd.",797,Vendor,Non-food,azure.wang,,1118.0,20,0.0017889087656529517,0.0,0.0,0.0,0.0,0.0,0.0,0.0,0.0,0.0,60,100,100,100,100,100,100,100,100,100,2.0,0.0,0.0,0.0,0.0,0.0,0.0,0.0,0.0
B,94.0,Hana Food Distributors Inc,813,Vendor,Food,jessica.li,,408.0,6,0.0,0.0196078431372549,0.0,0.0,0.0,0.0,0.0,0.0,0.0,0.0,100,60,100,100,100,100,100,100,100,100,0.0,8.0,0.0,0.0,0.0,0.0,0.0,0.0,0.0
B,94.0,Starway International Group LA,849,Vendor,Food,zehua.li,,4034.0,34,0.0,0.0,0.005949429846306396,0.0,0.0,0.0,0.0,0.0,0.0,0.0,100,100,60,100,100,100,100,100,100,100,0.0,0.0,24.0,0.0,0.0,0.0,0.0,0.0,0.0
B,94.0,洛阳源氏食品有限公司,878,Vendor,Food,emily.wang@yamibuy.com,,8700.0,19,0.0,0.0,0.013793103448275862,0.0,0.0,0.0,0.0,0.0,0.0,0.0,100,100,60,100,100,100,100,100,100,100,0.0,0.0,120.0,0.0,0.0,0.0,0.0,0.0,0.0
B,94.0,想念食品股份有限公司,886,Vendor,Food,emily.wang@yamibuy.com,,22169.0,35,0.0004961883711489016,0.0,0.0027064820244485544,0.0,0.0,0.0,0.0,0.0,0.0,0.0,80,100,80,100,100,100,100,100,100,100,11.0,0.0,60.0,0.0,0.0,0.0,0.0,0.0,0.0
B,94.0,江西鲍师傅食品有限公司,899,Vendor,Food,rocky.liu,,99908.0,409,3.002762541538215e-05,0.0,0.013872762941906555,0.0,0.0,0.0,0.0,0.0,0.0,0.0,100,100,60,100,100,100,100,100,100,100,3.0,0.0,1386.0,0.0,0.0,0.0,0.0,0.0,0.0
B,94.0,苏州市李良济健康产业有限公司,929,Vendor,Non-food,azure.wang,,1454.0,13,0.0020632737276478678,0.0,0.0,0.0,0.0,0.0,0.0,0.0,0.0,0.0,60,100,100,100,100,100,100,100,100,100,3.0,0.0,0.0,0.0,0.0,0.0,0.0,0.0,0.0
B,94.0,虚拟账号代付,951,Vendor,Non-food,azure.wang,,838.0,46,0.002386634844868735,0.0,0.0,0.0,0.0,0.0,0.0,0.0,0.0,0.0,60,100,100,100,100,100,100,100,100,100,2.0,0.0,0.0,0.0,0.0,0.0,0.0,0.0,0.0
B,94.0,北京瑞荻互动科技有限公司,957,Vendor,Food,emily.wang@yamibuy.com,,3290.0,17,0.0,0.01458966565349544,0.0,0.0,0.0,0.0,0.0,0.0,0.0,0.0,100,60,100,100,100,100,100,100,100,100,0.0,48.0,0.0,0.0,0.0,0.0,0.0,0.0,0.0
B,94.0,Fineday USA,998,Vendor,Non-food,,,13485.0,36,0.0,0.0,0.0,0.0,0.007119021134593994,0.0,0.0,0.027777777777777776,0.0,0.0,100,100,100,100,60,100,100,60,100,100,0.0,0.0,0.0,0.0,96.0,0.0,0.0,1.0,0.0
B,94.0,Kreassive Inc.,1007,Vendor,Non-food,jianning.wu,,7298.0,15,0.0012332145793368045,0.0,0.0,0.0,0.0,0.0,0.0,0.0,0.0,0.0,60,100,100,100,100,100,100,100,100,100,9.0,0.0,0.0,0.0,0.0,0.0,0.0,0.0,0.0
B,93.0,Goody Trading Inc,214,Vendor,Food,catherine.li,,13894.0,161,7.197351374694113e-05,0.0,0.010076291924571757,0.012422360248447204,0.0,0.0,0.0,0.0,0.0,0.0,100,100,60,80,100,100,100,100,100,100,1.0,0.0,140.0,2.0,0.0,0.0,0.0,0.0,0.0
B,93.0,Pocas International Corp,359,Vendor,Food,zehua.li,,3694.0,83,0.0,0.0,0.0,0.012048192771084338,0.01949106659447753,0.0,0.0,0.03614457831325301,0.0,0.0,100,100,100,80,60,100,100,60,100,100,0.0,0.0,0.0,1.0,72.0,0.0,0.0,3.0,0.0
B,93.0,Glowiss LLC (Local),767,Vendor,Non-food,yoona.oh,,20410.0,539,4.8995590396864285e-05,0.0,0.0014698677119059284,0.0055658627087198514,0.00014698677119059285,0.0,0.0,0.0037105751391465678,0.0,0.0,100,100,80,80,80,100,100,80,100,100,1.0,0.0,30.0,3.0,3.0,0.0,0.0,2.0,0.0
B,93.0,Quickspice Inc,851,Vendor,Food,jessica.li,,5025.0,24,0.0001990049751243781,0.0,0.0,0.0,0.013930348258706468,0.0,0.0,0.0,0.0,0.0,80,100,100,100,60,100,100,100,100,100,1.0,0.0,0.0,0.0,70.0,0.0,0.0,0.0,0.0
B,93.0,精华,982,Vendor,Non-food,Hui Liu,,25661.0,749,0.0,0.0,0.0009352714235610459,0.004005340453938585,0.0013249678500448152,0.0,0.0,0.0013351134846461949,0.0,0.0,100,100,80,80,80,100,100,80,100,100,0.0,0.0,24.0,3.0,34.0,0.0,0.0,1.0,0.0
B,93.0,HOKKAIDO DEVELOPMENT GROUP INC.,1011,Vendor,Non-food,,,67727.0,353,0.0003100683626913934,0.0,0.0008859096076896954,0.0056657223796034,0.0,0.0,0.0,0.0,0.0,0.0,80,100,80,80,100,100,100,100,100,100,21.0,0.0,60.0,2.0,0.0,0.0,0.0,0.0,0.0
B,92.0,"T-WEST,INC(TW)",11,Vendor,Food,,"emi.shi, shun.sakaguchi",152.0,9,0.0,0.0,0.0,0.0,0.21052631578947367,0.0,0.0,0.0,0.0,0.0,100,100,100,100,20,100,100,100,100,100,0.0,0.0,0.0,0.0,32.0,0.0,0.0,0.0,0.0
B,92.0,OCM LA - CJ Foods,189,Vendor,Food,jessica.li,,630.0,18,0.0,0.0,0.0,0.0,0.05714285714285714,0.0,0.0,0.0,0.0,0.0,100,100,100,100,20,100,100,100,100,100,0.0,0.0,0.0,0.0,36.0,0.0,0.0,0.0,0.0
B,92.0,Rockman Co. (USA) Inc.,469,Vendor,Food,catherine.li,,5156.0,58,0.0,0.015515903801396431,0.0,0.0,0.0,0.0,0.0,0.017241379310344827,0.0,0.0,100,60,100,100,100,100,100,60,100,100,0.0,80.0,0.0,0.0,0.0,0.0,0.0,1.0,0.0
B,92.0,Two Bros Food Inc,639,Vendor,Food,catherine.li,,1124.0,13,0.0,0.0,0.0,0.0,0.0071174377224199285,0.0,0.0,0.07692307692307693,0.0,0.0,100,100,100,100,60,100,100,20,100,100,0.0,0.0,0.0,0.0,8.0,0.0,0.0,1.0,0.0
B,92.0,SUNGAL INC.,807,Vendor,Food,jason.wu,,1804.0,35,0.0,0.019955654101995565,0.0,0.0,0.0,0.0,0.0,0.02857142857142857,0.0,0.0,100,60,100,100,100,100,100,60,100,100,0.0,36.0,0.0,0.0,0.0,0.0,0.0,1.0,0.0
B,92.0,ST International Trading,811,Vendor,Food,jessica.li,,460.0,2,0.0,0.0,0.0,0.0,0.43478260869565216,0.0,0.0,0.0,0.0,0.0,100,100,100,100,20,100,100,100,100,100,0.0,0.0,0.0,0.0,200.0,0.0,0.0,0.0,0.0
B,92.0,"Shanghai Baiyize Biotechnology Co., Ltd",838,Vendor,Non-food,summer.xing,azure.wang,1530.0,38,0.0,0.0,0.0,0.05263157894736842,0.0,0.0196078431372549,0.0,0.0,0.0,0.0,100,100,100,20,100,60,100,100,100,100,0.0,0.0,0.0,2.0,0.0,30.0,0.0,0.0,0.0
B,92.0,山东初心供应链管理有限公司,888,Vendor,Food,rocky.liu,,5845.0,28,0.0,0.0,0.0,0.0,0.07527801539777587,0.0,0.0,0.0,0.0,0.0,100,100,100,100,20,100,100,100,100,100,0.0,0.0,0.0,0.0,440.0,0.0,0.0,0.0,0.0
B,92.0,合肥途萃商贸有限公司,903,Vendor,Food,emily.wang@yamibuy.com,,4594.0,19,0.0,0.0,0.0,0.0,0.10535481062255116,0.0,0.0,0.0,0.0,0.0,100,100,100,100,20,100,100,100,100,100,0.0,0.0,0.0,0.0,484.0,0.0,0.0,0.0,0.0
B,92.0,杭州猫肚皮科技有限公司,916,Vendor,Non-food,azure.wang,,2012.0,57,0.0,0.0,0.0,0.07017543859649122,0.02982107355864811,0.0,0.0,0.0,0.0,0.0,100,100,100,20,60,100,100,100,100,100,0.0,0.0,0.0,4.0,60.0,0.0,0.0,0.0,0.0
B,92.0,七束光品牌发展（上海）有限公司,923,Vendor,Non-food,summer.xing,azure.wang,236.0,8,0.0,0.0,0.0,0.0,0.2033898305084746,0.0,0.0,0.0,0.0,0.0,100,100,100,100,20,100,100,100,100,100,0.0,0.0,0.0,0.0,48.0,0.0,0.0,0.0,0.0
B,92.0,正洋行跨境貿易有限公司,925,Vendor,Non-food,summer.xing,azure.wang,460.0,9,0.0,0.0,0.0,0.0,0.0,0.10869565217391304,0.0,0.0,0.0,0.0,100,100,100,100,100,20,100,100,100,100,0.0,0.0,0.0,0.0,0.0,50.0,0.0,0.0,0.0
B,92.0,Meikaya,965,Vendor,Non-food,haiwei.shen,,30782.0,677,0.0,0.0,0.00506789682281853,0.01624815361890694,0.0,0.0,0.0,0.0014771048744460858,0.0,0.0,100,100,60,80,100,100,100,80,100,100,0.0,0.0,156.0,11.0,0.0,0.0,0.0,1.0,0.0
B,92.0,ALIDADA,981,Vendor,Non-food,Hui Liu,,30389.0,1289,3.2906643851393593e-05,0.0,0.0029615979466254237,0.0031031807602792862,0.0020731185626377967,0.0,0.0,0.010861132660977503,0.0,0.0,100,100,80,80,80,100,100,60,100,100,1.0,0.0,90.0,4.0,63.0,0.0,0.0,14.0,0.0
B,92.0,LUMIKORE ENTERPRISE LLC,1015,Vendor,Non-food,yoona.oh,,460.0,10,0.0,0.0,0.0,0.0,0.0,0.21739130434782608,0.0,0.0,0.0,0.0,100,100,100,100,100,20,100,100,100,100,0.0,0.0,0.0,0.0,0.0,100.0,0.0,0.0,0.0
B,92.0,T-RENIASSANCE INC,1054,Vendor,Non-food,azure.wang,,16.0,1,0.0,0.0,0.0,0.0,1.0,0.0,0.0,0.0,0.0,0.0,100,100,100,100,20,100,100,100,100,100,0.0,0.0,0.0,0.0,16.0,0.0,0.0,0.0,0.0
B,92.0,Bio Mission Group Inc.,1144,Vendor,Non-food,josephine.lee,,364.0,12,0.0,0.0,0.0,0.0,0.2857142857142857,0.0,0.0,0.0,0.0,0.0,100,100,100,100,20,100,100,100,100,100,0.0,0.0,0.0,0.0,104.0,0.0,0.0,0.0,0.0
B,91.0,Ample Trading Group Inc,776,Vendor,Food,sophia.zhu,,2346.0,13,0.00042625745950554135,0.0,0.011935208866155157,0.0,0.0,0.0,0.0,0.0,0.0,0.0,80,100,60,100,100,100,100,100,100,100,1.0,0.0,28.0,0.0,0.0,0.0,0.0,0.0,0.0
B,91.0,TAMEI TECH,801,Vendor,Non-food,josephine.lee,,15670.0,451,6.381620931716656e-05,0.0,0.0008296107211231652,0.0,0.0383535417996171,0.0,0.0,0.022172949002217297,0.0,6.381620931716656e-05,100,100,80,100,60,100,100,60,100,100,1.0,0.0,13.0,0.0,601.0,0.0,0.0,10.0,1.0
B,91.0,香港域亦實業發展有限公司,911,Vendor,Food,rocky.liu,,85906.0,71,0.0,0.0,0.0007450003492189137,0.056338028169014086,0.0011640630456545527,9.312504365236421e-05,0.0,0.0,0.0,0.0,100,100,80,20,80,100,100,100,100,100,0.0,0.0,64.0,4.0,100.0,8.0,0.0,0.0,0.0
B,91.0,龙港市国荣纸塑制品厂,947,Vendor,Non-food,azure.wang,,3013.0,22,0.00033189512114171923,0.0,0.00829737802854298,0.0,0.0,0.0,0.0,0.0,0.0,0.0,80,100,60,100,100,100,100,100,100,100,1.0,0.0,25.0,0.0,0.0,0.0,0.0,0.0,0.0
B,91.0,GIA,983,Vendor,Non-food,Hui Liu,,79757.0,643,1.2538084431460561e-05,0.0,0.010983361961959452,0.003110419906687403,8.776659102022393e-05,0.0,0.0015552099533437014,0.0,0.0,0.0,100,100,60,80,100,100,80,100,100,100,1.0,0.0,876.0,2.0,7.0,0.0,1.0,0.0,0.0
B,90.0,Sun Trading Corp (ST),203,Vendor,Non-food,kiki.hu,,56.0,7,0.0,0.0,0.017857142857142856,0.0,0.0,0.0,0.0,0.42857142857142855,0.0,0.0,100,100,60,100,100,100,100,20,100,100,0.0,0.0,1.0,0.0,0.0,0.0,0.0,3.0,0.0
B,90.0,Korsmet Inc.,459,Vendor,Non-food,josephine.lee,,15423.0,371,0.00019451468585878233,0.0,0.0012319263437722881,0.0,0.005965117033002659,0.0,0.0,0.0,0.0,0.0,80,100,80,100,60,100,100,100,100,100,3.0,0.0,19.0,0.0,92.0,0.0,0.0,0.0,0.0
B,90.0,YOLA TRANSOCEAN INC,535,Vendor,Non-food,yuri.jang,,592.0,43,0.0,0.033783783783783786,0.0,0.16279069767441862,0.0,0.0,0.0,0.0,0.0,0.0,100,60,100,20,100,100,100,100,100,100,0.0,20.0,0.0,7.0,0.0,0.0,0.0,0.0,0.0
B,90.0,Fujidou Inc. (Yen),768,Vendor,Non-food,Hui Liu,,336770.0,2474,2.3755085072898418e-05,0.00019004068058318734,0.0029426611634052915,0.0028294260307194824,0.0007126525521869526,0.0,0.0,0.004850444624090542,0.0,0.0,100,80,80,80,80,100,100,80,100,100,8.0,64.0,991.0,7.0,240.0,0.0,0.0,12.0,0.0
B,90.0,VCLA Consignment,798,Vendor,Non-food,kristin.chen,sonia.yang,1153.0,32,0.0,0.0,0.0,0.125,0.010407632263660017,0.0,0.0,0.03125,0.0,0.0,100,100,100,20,60,100,100,60,100,100,0.0,0.0,0.0,4.0,12.0,0.0,0.0,1.0,0.0
B,90.0,Vita Green Health Products Company Limited,825,Vendor,Non-food,azure.wang,,5383.0,84,0.0001857700167193015,0.0,0.0,0.0,0.008916960802526472,0.0,0.0,0.0,0.0,0.0001857700167193015,80,100,100,100,60,100,100,100,100,80,1.0,0.0,0.0,0.0,48.0,0.0,0.0,0.0,1.0
B,90.0,厦门福盛阁食品有限公司,897,Vendor,Food,emily.wang@yamibuy.com,,22284.0,63,0.0,0.0,0.017770597738287562,0.0,0.0032310177705977385,0.0,0.0,0.031746031746031744,0.0,0.0,100,100,60,100,80,100,100,60,100,100,0.0,0.0,396.0,0.0,72.0,0.0,0.0,2.0,0.0
B,89.0,Inreseau Co Ltd,391,Vendor,Food,,"haiwei.shen, satoshi.abe",1557.0,61,0.0,0.0,0.0,0.01639344262295082,0.03468208092485549,0.0,0.0,0.0,0.0,0.0006422607578676942,100,100,100,80,60,100,100,100,100,60,0.0,0.0,0.0,1.0,54.0,0.0,0.0,0.0,1.0
B,89.0,Rong Shing Trading NY Inc,718,Vendor,Food,,"Jessica.Pfeiff, jason.wu",9580.0,96,0.0004175365344467641,0.0,0.0,0.010416666666666666,0.0020876826722338203,0.0,0.0,0.010416666666666666,0.0,0.00010438413361169103,80,100,100,80,80,100,100,60,100,80,4.0,0.0,0.0,1.0,20.0,0.0,0.0,1.0,1.0
B,89.0,Inreseau Co Ltd (Yen),728,Vendor,Non-food,,"haiwei.shen, satoshi.abe",18361.0,385,0.0,0.0021785305811230326,0.001742824464898426,0.0025974025974025974,0.0065355917433690975,0.0,0.0,0.0,0.0,5.446326452807581e-05,100,80,80,80,60,100,100,100,100,100,0.0,40.0,32.0,1.0,120.0,0.0,0.0,0.0,1.0
B,89.0,Tockone Media Digital Inc,789,Vendor,Non-food,josephine.lee,,29427.0,700,0.00037380636830121994,0.008903388044992694,6.796479423658545e-05,0.0,0.0068304618207768375,0.0,0.0,0.0014285714285714286,0.0,3.3982397118292725e-05,80,80,100,100,60,100,100,80,100,100,11.0,262.0,2.0,0.0,201.0,0.0,0.0,1.0,1.0
B,89.0,JCD Distribution Inc,831,Vendor,Non-food,Jessica.Pfeiff,,3439.0,85,0.0,0.02675196277987787,0.0011631288165164292,0.0,0.0,0.0,0.0,0.011764705882352941,0.0,0.0,100,60,80,100,100,100,100,60,100,100,0.0,92.0,4.0,0.0,0.0,0.0,0.0,1.0,0.0
B,89.0,上海敷尔佳科技发展有限公司,937,Vendor,Non-food,summer.xing,azure.wang,44169.0,396,0.0006565690869161629,0.0,0.0,0.015151515151515152,0.006792094002580996,0.0,0.0,0.0,0.0,0.0,60,100,100,80,60,100,100,100,100,100,29.0,0.0,0.0,6.0,300.0,0.0,0.0,0.0,0.0
B,89.0,Much Much Global Trading Inc,994,Vendor,Food,Shanshan Gao,,3019.0,88,0.0,0.0,0.0,0.011363636363636364,0.14839350778403446,0.0,0.0,0.022727272727272728,0.0,0.0,100,100,100,80,20,100,100,60,100,100,0.0,0.0,0.0,1.0,448.0,0.0,0.0,2.0,0.0
B,89.0,Astral International Trading Inc.,1153,Vendor,Food,Shanshan Gao,,18966.0,110,5.2725930612675314e-05,0.0010545186122535063,0.0,0.0,0.0006327111673521037,0.0031635558367605187,0.0,0.05454545454545454,0.0,0.0,100,80,100,100,80,80,100,20,100,100,1.0,20.0,0.0,0.0,12.0,60.0,0.0,6.0,0.0
B,88.0,ROXY TRADING INC,13,Vendor,Food,zehua.li,,531.0,13,0.0,0.18455743879472694,0.0,0.0,0.0,0.0,0.0,0.0,0.0,0.0,100,20,100,100,100,100,100,100,100,100,0.0,98.0,0.0,0.0,0.0,0.0,0.0,0.0,0.0
B,88.0,NEW HORIZON ENTERPRISES,16,Vendor,Food,sonia.yang,,3786.0,55,0.0,0.43106180665610144,0.0,0.0,0.0,0.0,0.0,0.0,0.0,0.0,100,20,100,100,100,100,100,100,100,100,0.0,1632.0,0.0,0.0,0.0,0.0,0.0,0.0,0.0
B,88.0,KING WAI TRADING,26,Vendor,Food,,"kristin.chen, sonia.yang",40835.0,487,2.4488796375658137e-05,0.0002448879637565814,0.006709930206930329,0.004106776180698152,0.004407983347618464,0.0,0.0,0.0,0.0,4.8977592751316274e-05,100,80,60,80,80,100,100,100,100,100,1.0,10.0,274.0,2.0,180.0,0.0,0.0,0.0,2.0
B,88.0,Asian Food Grocer,44,Vendor,Food,shun.sakaguchi,,1514.0,21,0.0,0.23778071334214002,0.0,0.0,0.0,0.0,0.0,0.0,0.0,0.0,100,20,100,100,100,100,100,100,100,100,0.0,360.0,0.0,0.0,0.0,0.0,0.0,0.0,0.0
B,88.0,Eden Marketing Corp.(ED),66,Vendor,Non-food,emi.shi,,87.0,28,0.0,0.0,0.022988505747126436,0.0,0.0,0.0,0.0,0.0,0.0,0.0,100,100,20,100,100,100,100,100,100,100,0.0,0.0,2.0,0.0,0.0,0.0,0.0,0.0,0.0
B,88.0,"Korean Farm,Inc (KF)",71,Vendor,Food,jessica.li,,6011.0,146,0.0006654466810846781,0.0033272334054233904,0.0016636167027116952,0.0,0.0,0.0,0.0,0.0,0.0,0.0,60,80,80,100,100,100,100,100,100,100,4.0,20.0,10.0,0.0,0.0,0.0,0.0,0.0,0.0
B,88.0,United Kanboo USA Corp(UK),88,Vendor,Non-food,,"Jessica.Pfeiff, sonia.yang",1975.0,64,0.0,0.007088607594936709,0.0015189873417721519,0.0,0.0,0.013670886075949367,0.0,0.046875,0.0,0.0,100,80,80,100,100,60,100,60,100,100,0.0,14.0,3.0,0.0,0.0,27.0,0.0,3.0,0.0
B,88.0,Jans,95,Vendor,Food,zehua.li,,313.0,6,0.0,0.07987220447284345,0.0,0.0,0.0,0.0,0.0,0.0,0.0,0.0,100,20,100,100,100,100,100,100,100,100,0.0,25.0,0.0,0.0,0.0,0.0,0.0,0.0,0.0
B,88.0,KUIYI INTERNATIONAL INC,198,Vendor,Food,abby.yu,jianning.wu,81815.0,1200,0.0,0.004180162561877406,0.0031901240603801257,0.0016666666666666668,0.006331357330562855,0.0,0.0,0.005833333333333334,0.0,6.111348774674571e-05,100,80,80,80,60,100,100,80,100,100,0.0,342.0,261.0,2.0,518.0,0.0,0.0,7.0,5.0
B,88.0,SUFOO LIFE INC （短保空运）,212,Vendor,Food,,"jianning.wu, sonia.yang",1746.0,33,0.001145475372279496,0.0,0.01718213058419244,0.0,0.0,0.0,0.0,0.0,0.0,0.0,60,100,60,100,100,100,100,100,100,100,2.0,0.0,30.0,0.0,0.0,0.0,0.0,0.0,0.0
B,88.0,Sainstore Inc.,351,Vendor,Non-food,kristin.chen,,247.0,21,0.0,0.0,0.0,0.0,0.08097165991902834,0.0,0.0,0.14285714285714285,0.0,0.0,100,100,100,100,20,100,100,20,100,100,0.0,0.0,0.0,0.0,20.0,0.0,0.0,3.0,0.0
B,88.0,Haoyuan,516,Vendor,Non-food,josephine.lee,,3304.0,79,0.002723970944309927,0.0,0.0,0.0,0.0,0.0,0.0,0.0,0.0,0.0,20,100,100,100,100,100,100,100,100,100,9.0,0.0,0.0,0.0,0.0,0.0,0.0,0.0,0.0
B,88.0,Food Camp,563,Vendor,Food,jessica.li,,246.0,13,0.0,0.24390243902439024,0.0,0.0,0.0,0.0,0.0,0.0,0.0,0.0,100,20,100,100,100,100,100,100,100,100,0.0,60.0,0.0,0.0,0.0,0.0,0.0,0.0,0.0
B,88.0,Grand SK Corp.,688,Vendor,Non-food,yuri.jang,,85.0,9,0.0,0.0,0.08235294117647059,0.0,0.0,0.0,0.0,0.0,0.0,0.0,100,100,20,100,100,100,100,100,100,100,0.0,0.0,7.0,0.0,0.0,0.0,0.0,0.0,0.0
B,88.0,ADIU BARBECUE,689,Vendor,Non-food,kiki.hu,,190.0,9,0.0,0.0,0.05263157894736842,0.0,0.0,0.0,0.0,0.0,0.0,0.0,100,100,20,100,100,100,100,100,100,100,0.0,0.0,10.0,0.0,0.0,0.0,0.0,0.0,0.0
B,88.0,"New Wind Co., Ltd. (Yen)",730,Vendor,Non-food,,"Hui Liu, satoshi.abe",281160.0,1316,6.757718025323659e-05,0.0,0.006572769953051643,0.0,0.006679470763977806,0.0,0.0,0.011398176291793313,0.0,5.690709916062029e-05,100,100,60,100,60,100,100,60,100,100,19.0,0.0,1848.0,0.0,1878.0,0.0,0.0,15.0,16.0
B,88.0,Success COD,742,Vendor,Food,abby.yu,,39600.0,12,0.0,0.0,0.047474747474747475,0.0,0.0,0.0,0.0,0.0,0.0,0.0,100,100,20,100,100,100,100,100,100,100,0.0,0.0,1880.0,0.0,0.0,0.0,0.0,0.0,0.0
B,88.0,Cachisakari（Yen）,747,Vendor,Non-food,haiwei.shen,,63326.0,327,0.00015791302150775354,0.0002368695322616303,0.003079303919401194,0.0061162079510703364,0.0,0.0,0.0,0.012232415902140673,0.0,0.0,80,80,80,80,100,100,100,60,100,100,10.0,15.0,195.0,2.0,0.0,0.0,0.0,4.0,0.0
B,88.0,Luton International Inc.-Consignment,794,Vendor,Non-food,Jessica.Pfeiff,,134.0,8,0.007462686567164179,0.0,0.0,0.0,0.0,0.0,0.0,0.0,0.0,0.0,20,100,100,100,100,100,100,100,100,100,1.0,0.0,0.0,0.0,0.0,0.0,0.0,0.0,0.0
B,88.0,BZT FOOD LLC,835,Vendor,Food,sophia.zhu,,14975.0,38,0.0,0.004808013355592654,0.002404006677796327,0.07894736842105263,0.0,0.0,0.0,0.02631578947368421,0.0,0.0,100,80,80,20,100,100,100,60,100,100,0.0,72.0,36.0,3.0,0.0,0.0,0.0,1.0,0.0
B,88.0,苏州乐品贸易有限公司,904,Vendor,Food,rocky.liu,,2996.0,33,0.0,0.0540720961281709,0.0,0.0,0.0,0.0,0.0,0.0,0.0,0.0,100,20,100,100,100,100,100,100,100,100,0.0,162.0,0.0,0.0,0.0,0.0,0.0,0.0,0.0
B,88.0,浙江悠享时电子商务有限公司,908,Vendor,Food,rocky.liu,,3505.0,57,0.0,0.0,0.057631954350927245,0.0,0.0,0.0,0.0,0.0,0.0,0.0,100,100,20,100,100,100,100,100,100,100,0.0,0.0,202.0,0.0,0.0,0.0,0.0,0.0,0.0
B,88.0,杭州川岛屋贸易有限公司,918,Vendor,Non-food,azure.wang,,81189.0,1091,0.0001847540923031445,0.0,0.0025988742317308994,0.0018331805682859762,0.0027097266871127863,0.0036088632696547563,0.0,0.008249312557286892,0.0,1.23169394868763e-05,80,100,80,80,80,80,100,80,100,100,15.0,0.0,211.0,2.0,220.0,293.0,0.0,9.0,1.0
B,88.0,广州市如此爱贸易有限公司,924,Vendor,Non-food,azure.wang,,2665.0,15,0.00450281425891182,0.0,0.0,0.0,0.0,0.0,0.0,0.0,0.0,0.0,20,100,100,100,100,100,100,100,100,100,12.0,0.0,0.0,0.0,0.0,0.0,0.0,0.0,0.0
B,88.0,Decole,972,Vendor,Non-food,haiwei.shen,,198.0,15,0.0,0.0,0.025252525252525252,0.0,0.0,0.0,0.0,0.0,0.0,0.0,100,100,20,100,100,100,100,100,100,100,0.0,0.0,5.0,0.0,0.0,0.0,0.0,0.0,0.0
B,88.0,Unifon International Inc.,1001,Vendor,Non-food,summer.xing,,72.0,9,0.6111111111111112,0.0,0.0,0.0,0.0,0.0,0.0,0.0,0.0,0.0,20,100,100,100,100,100,100,100,100,100,44.0,0.0,0.0,0.0,0.0,0.0,0.0,0.0,0.0
B,88.0,"BEBECOOK CO., LTD",1010,Vendor,Non-food,,,806.0,15,0.0,0.0,0.0,0.0,0.1488833746898263,0.0,0.0,0.26666666666666666,0.0,0.0,100,100,100,100,20,100,100,20,100,100,0.0,0.0,0.0,0.0,120.0,0.0,0.0,4.0,0.0
B,88.0,Vita Green Health Products Company Limited-CA,1030,Vendor,Non-food,,,394.0,8,0.005076142131979695,0.0,0.0,0.0,0.0,0.0,0.0,0.0,0.0,0.0,20,100,100,100,100,100,100,100,100,100,2.0,0.0,0.0,0.0,0.0,0.0,0.0,0.0,0.0
B,88.0,SSC International Inc,1055,Vendor,Food,sonia.yang,,1164.0,5,0.0,0.7731958762886598,0.0,0.0,0.0,0.0,0.0,0.0,0.0,0.0,100,20,100,100,100,100,100,100,100,100,0.0,900.0,0.0,0.0,0.0,0.0,0.0,0.0,0.0
B,88.0,UNIVERSAL HARVEST GROUP LIMITED,1060,Vendor,Food,emily.wang@yamibuy.com,,600.0,5,0.0033333333333333335,0.0,0.0,0.0,0.0,0.0,0.0,0.0,0.0,0.0,20,100,100,100,100,100,100,100,100,100,2.0,0.0,0.0,0.0,0.0,0.0,0.0,0.0,0.0
B,87.0,Silver Healthcare Inc,423,Vendor,Non-food,,"jessie.li, kristin.chen",31802.0,605,3.144456323501666e-05,0.0,0.0001886673794101,0.001652892561983471,0.0005660021382303,0.0,0.0,0.0049586776859504135,0.0,0.0005345575749952833,100,100,80,80,80,100,100,80,100,60,1.0,0.0,6.0,1.0,18.0,0.0,0.0,3.0,17.0
B,87.0,"Wismettac Asian Foods, Inc.",587,Vendor,Food,,"emi.shi, takahiro.haga",225559.0,3239,6.65014475148409e-05,0.037972326530974154,0.003245270638724236,0.003704847175054029,0.00047881042210685455,0.0,0.0,0.005557270762581044,0.0,3.546743867458182e-05,100,60,80,80,80,100,100,80,100,100,15.0,8565.0,732.0,12.0,108.0,0.0,0.0,18.0,8.0
B,87.0,CCC America,590,Vendor,Food,jessica.li,,9853.0,250,0.0005074596569572719,0.0,0.0,0.008,0.0115700801786258,0.0,0.0,0.012,0.0,0.0,60,100,100,80,60,100,100,60,100,100,5.0,0.0,0.0,2.0,114.0,0.0,0.0,3.0,0.0
B,87.0,SUNSTAR67,717,Vendor,Food,,"jessica.li, yoona.oh",11428.0,92,0.0,0.0,0.005862793139656983,0.010869565217391304,0.006650332516625832,0.0,0.0,0.043478260869565216,0.0,0.0,100,100,60,80,60,100,100,60,100,100,0.0,0.0,67.0,1.0,76.0,0.0,0.0,4.0,0.0
B,87.0,DHA Group,839,Vendor,Food,sonia.yang,,5732.0,55,0.0,0.00418702023726448,0.00209351011863224,0.01818181818181818,0.023377529658060014,0.0,0.0,0.01818181818181818,0.0,0.0,100,80,80,80,60,100,100,60,100,100,0.0,24.0,12.0,1.0,134.0,0.0,0.0,1.0,0.0
B,87.0,"Shenzhen Huanfu International Trade Co.,  Ltd.",845,Vendor,Non-food,summer.xing,"azure.wang, rocky.liu",42107.0,729,9.499608141164177e-05,0.0,0.0004987294274111192,0.006858710562414266,0.03051749115348992,0.04065832284418268,0.0,0.009602194787379973,0.0,0.0,100,100,80,80,60,60,100,80,100,100,4.0,0.0,21.0,5.0,1285.0,1712.0,0.0,7.0,0.0
B,86.0,Aroma Housewares Co. (AR),149,Vendor,Non-food,Jessica.Pfeiff,,2481.0,94,0.00040306328093510683,0.0,0.0016122531237404273,0.0,0.009673518742442563,0.006045949214026602,0.0,0.0,0.0,0.0,80,100,80,100,60,60,100,100,100,100,1.0,0.0,4.0,0.0,24.0,15.0,0.0,0.0,0.0
B,86.0,"America Tohkin Enterprises, Inc.",171,Vendor,Food,Shanshan Gao,,1359.0,13,0.0007358351729212656,0.0,0.0,0.0,0.40618101545253865,0.0,0.0,0.0,0.0,0.0,60,100,100,100,20,100,100,100,100,100,1.0,0.0,0.0,0.0,552.0,0.0,0.0,0.0,0.0
B,86.0,Neoflam Americas (NF),217,Vendor,Non-food,yuri.jang,,1671.0,142,0.0,0.0,0.01855176540993417,0.0,0.06104129263913824,0.0,0.0,0.0,0.0,0.0,100,100,60,100,20,100,100,100,100,100,0.0,0.0,31.0,0.0,102.0,0.0,0.0,0.0,0.0
B,86.0,NTS International Holding Group,468,Vendor,Food,catherine.li,,14915.0,177,0.0,0.01340931947703654,0.0013409319477036541,0.01694915254237288,0.021320817968488098,0.0,0.0,0.0,0.0,0.0,100,60,80,80,60,100,100,100,100,100,0.0,200.0,20.0,3.0,318.0,0.0,0.0,0.0,0.0
B,86.0,Forest USA Inc,545,Vendor,Non-food,,"catherine.li, josephine.lee",51348.0,173,0.0002726493729064423,0.0017527459686842721,0.004673989249824725,0.005780346820809248,0.007478382799719561,0.0,0.0,0.0,0.0,0.0,80,80,80,80,60,100,100,100,100,100,14.0,90.0,240.0,1.0,384.0,0.0,0.0,0.0,0.0
B,86.0,J&Y Trading,594,Vendor,Food,jessica.li,,3874.0,96,0.0,0.013939081053175014,0.002581311306143521,0.020833333333333332,0.0038719669592152815,0.0,0.0,0.03125,0.0,0.0,100,60,80,80,80,100,100,60,100,100,0.0,54.0,10.0,2.0,15.0,0.0,0.0,3.0,0.0
B,86.0,"EAPC (USA) Trading Co.,Ltd",621,Vendor,Food,Shanshan Gao,,20192.0,159,4.9524564183835184e-05,0.008914421553090333,0.0009904912836767037,0.006289308176100629,0.0017828843106180666,0.0,0.0,0.018867924528301886,0.0,0.00014857369255150555,100,80,80,80,80,100,100,60,100,80,1.0,180.0,20.0,1.0,36.0,0.0,0.0,3.0,3.0
B,86.0,Formosus LLC,804,Vendor,Food,sonia.yang,,12248.0,258,0.0004082299150881777,0.007348138471587198,0.0022860875244937948,0.015503875968992248,0.007838014369693011,0.0,0.0,0.0,0.0,0.0,80,80,80,80,60,100,100,100,100,100,5.0,90.0,28.0,4.0,96.0,0.0,0.0,0.0,0.0
B,86.0,FDM Trading Company Limited,852,Vendor,Food,,"azure.wang, rocky.liu",42981.0,153,0.000558386263697913,0.00725902142807287,0.0,0.0,0.0011633047160373188,0.0,0.0,0.0,0.0,0.00018612875456597102,60,80,100,100,80,100,100,100,100,80,24.0,312.0,0.0,0.0,50.0,0.0,0.0,0.0,8.0
B,86.0,有量有用有趣（上海）科技有限公司,927,Vendor,Non-food,azure.wang,,6200.0,172,0.0024193548387096775,0.0,0.004032258064516129,0.005813953488372093,0.004838709677419355,0.0,0.0,0.029069767441860465,0.0,0.0,60,100,80,80,80,100,100,60,100,100,15.0,0.0,25.0,1.0,30.0,0.0,0.0,5.0,0.0
B,86.0,诗黛兰商贸（常州）有限公司,932,Vendor,Non-food,azure.wang,,1914.0,34,0.0,0.0,0.014629049111807733,0.0,0.05642633228840126,0.0,0.0,0.0,0.0,0.0,100,100,60,100,20,100,100,100,100,100,0.0,0.0,28.0,0.0,108.0,0.0,0.0,0.0,0.0
B,85.0,WISMETTAC(NI),1,Vendor,Food,,"emi.shi, takahiro.haga",151929.0,2842,9.873032798214956e-05,0.034410810312711856,0.0020601728438941875,0.0017593244194229415,0.00456134115277531,0.0,0.0014074595355383533,0.004574243490499648,0.0,1.3164043730953274e-05,100,60,80,80,80,100,80,80,100,100,15.0,5228.0,313.0,5.0,693.0,0.0,4.0,13.0,2.0
B,85.0,Walong Marketing Inc.(WM),19,Vendor,Food,catherine.li,"Jessica.Pfeiff, tony.xi",996890.0,13696,0.00018256778581388116,0.008438242935529496,0.004085706547362297,0.0029205607476635513,0.0038509765370301637,0.0,0.00014602803738317756,0.003358644859813084,0.0,4.0124788090962895e-05,80,80,80,80,80,100,80,80,100,100,182.0,8412.0,4073.0,40.0,3839.0,0.0,2.0,46.0,40.0
B,85.0,Wang Globalnet,40,Vendor,Food,,"jessica.li, yuri.jang",52273.0,1002,0.00017217301474948827,0.007193005949534177,0.002333900866604174,0.016966067864271458,0.03571633539303273,0.0,0.0,0.006986027944111776,0.0,1.9130334972165364e-05,80,80,80,80,60,100,100,80,100,100,9.0,376.0,122.0,17.0,1867.0,0.0,0.0,7.0,1.0
B,85.0,Eastland Food Corporation,355,Vendor,Food,,"Jessica.Pfeiff, zehua.li",17358.0,212,5.761032377001959e-05,0.030879133540730498,0.0069132388524023505,0.009433962264150943,0.0017283097131005876,0.0,0.0,0.0,0.0,5.761032377001959e-05,100,60,60,80,80,100,100,100,100,100,1.0,536.0,120.0,2.0,30.0,0.0,0.0,0.0,1.0
B,85.0,Hygia Healthcare,406,Vendor,Non-food,,"jessie.li, kristin.chen",20627.0,430,0.0005817617685557764,0.0,0.007465942696465797,0.0,0.00038784117903718426,0.0,0.0,0.009302325581395349,0.0,0.0,60,100,60,100,80,100,100,80,100,100,12.0,0.0,154.0,0.0,8.0,0.0,0.0,4.0,0.0
B,85.0,OCM Globe Inc.,450,Vendor,Food,sonia.yang,"jessica.li, zehua.li",863608.0,4541,0.0002547452084742152,0.0034390603144019045,0.0014705746125556966,0.0035234529839242457,0.0016558438550823985,0.0,0.001101079057476327,0.0013212948689715921,0.0,5.905457105538624e-05,80,80,80,80,80,100,80,80,100,100,220.0,2970.0,1270.0,16.0,1430.0,0.0,5.0,6.0,51.0
B,85.0,SHINONOMESYOJI Corporation,455,Vendor,Food,,"haiwei.shen, satoshi.abe",5864.0,98,0.00017053206002728513,0.0,0.005286493860845839,0.0,0.03171896316507503,0.0,0.0,0.01020408163265306,0.0,0.0,80,100,60,100,60,100,100,60,100,100,1.0,0.0,31.0,0.0,186.0,0.0,0.0,1.0,0.0
B,85.0,"Mutual Trading Co, Inc.",463,Vendor,Food,,"emi.shi, shun.sakaguchi",12395.0,233,0.0,0.011617587736990722,0.0016135538523598225,0.004291845493562232,0.0003227107704719645,0.0,0.004291845493562232,0.008583690987124463,0.0,0.0,100,60,80,80,80,100,80,80,100,100,0.0,144.0,20.0,1.0,4.0,0.0,1.0,2.0,0.0
B,85.0,Kcosera INC,578,Vendor,Non-food,yuri.jang,yoona.oh,12780.0,604,0.0,0.0013302034428794992,0.005242566510172144,0.009933774834437087,0.04170579029733959,0.0,0.0,0.006622516556291391,0.0,0.0,100,80,60,80,60,100,100,80,100,100,0.0,17.0,67.0,6.0,533.0,0.0,0.0,4.0,0.0
B,85.0,Beauty Bridge INC,693,Vendor,Non-food,,"jessica.li, yuri.jang",22896.0,176,0.0,0.005241090146750524,0.012447589098532495,0.0,0.01222921034241789,0.0,0.0,0.028409090909090908,0.0,0.0,100,80,60,100,60,100,100,60,100,100,0.0,120.0,285.0,0.0,280.0,0.0,0.0,5.0,0.0
B,85.0,Starway International Group,706,Vendor,Food,zehua.li,,47191.0,390,2.1190481235828865e-05,0.012099764785658282,0.0005933334746032082,0.01282051282051282,0.002839524485601068,0.00038142866224491956,0.0,0.002564102564102564,0.0,0.0,100,60,80,80,80,80,100,80,100,100,1.0,571.0,28.0,5.0,134.0,18.0,0.0,1.0,0.0
B,85.0,N.A.Trading II LLC,815,Vendor,Food,zehua.li,,10764.0,179,0.0,0.014492753623188406,0.0,0.0,0.028056484578223708,0.0,0.0,0.0111731843575419,0.0,0.0003716090672612412,100,60,100,100,60,100,100,60,100,80,0.0,156.0,0.0,0.0,302.0,0.0,0.0,2.0,4.0
B,85.0,HK HONEYMATE BIOTECH (INT' L) LIMITED,956,Vendor,Non-food,summer.xing,azure.wang,674.0,26,0.0,0.0,0.002967359050445104,0.0,0.08902077151335312,0.0,0.0,0.15384615384615385,0.0,0.0,100,100,80,100,20,100,100,20,100,100,0.0,0.0,2.0,0.0,60.0,0.0,0.0,4.0,0.0
B,85.0,Hyberhub LLC,1016,Vendor,Non-food,kristin.chen,,2960.0,67,0.00033783783783783786,0.0,0.0,0.0,0.13513513513513514,0.02702702702702703,0.0,0.0,0.0,0.0,80,100,100,100,20,60,100,100,100,100,1.0,0.0,0.0,0.0,400.0,80.0,0.0,0.0,0.0
B,84.0,JFC INTERNATIONAL(JF),10,Vendor,Food,takahiro.haga,,227626.0,4898,0.0001493678226564628,0.00908507815451662,0.006001071933786123,0.0028583095140873828,0.003382741866043422,0.0,0.0,0.002041649652919559,0.0,8.786342509203694e-06,80,80,60,80,80,100,100,80,100,100,34.0,2068.0,1366.0,14.0,770.0,0.0,0.0,10.0,2.0
B,84.0,Gemini Food Corp. (GE),17,Vendor,Food,sonia.yang,zehua.li,76435.0,894,0.00035324131615097797,0.03642310459867862,0.003218420880486688,0.021252796420581657,0.0010204749133250475,0.0,0.0,0.006711409395973154,0.0,1.308301170929548e-05,80,60,80,80,80,100,100,80,100,100,27.0,2784.0,246.0,19.0,78.0,0.0,0.0,6.0,1.0
B,84.0,Oceana(OC),27,Vendor,Non-food,emi.shi,,79894.0,5129,0.0005131799634515733,0.002190402283025008,0.0014644403835081482,0.0023396373562097877,0.00033794778080957266,0.0,0.0,0.0017547280171573405,0.0,2.5033168948857236e-05,60,80,80,80,80,100,100,80,100,100,41.0,175.0,117.0,12.0,27.0,0.0,0.0,9.0,2.0
B,84.0,JFC East,289,Vendor,Food,takahiro.haga,,260802.0,4433,8.435518132529659e-05,0.022599519942331732,0.009183211785185696,0.009925558312655087,0.0035237459835430708,0.0,0.0,0.005639521768554027,0.0,6.134922278203388e-05,100,60,60,80,80,100,100,80,100,100,22.0,5894.0,2395.0,44.0,919.0,0.0,0.0,25.0,16.0
B,84.0,Ler V Trading,372,Vendor,Non-food,josephine.lee,,139157.0,3324,3.5930639493521705e-05,0.004692541517853935,0.0011928972311849207,0.0015042117930204573,0.006007602923316829,0.0008982659873380427,0.00030084235860409147,0.0069193742478941035,0.0,1.4372255797408682e-05,100,80,80,80,60,80,80,80,100,100,5.0,653.0,166.0,5.0,836.0,125.0,1.0,23.0,2.0
B,84.0,Vast Import Inc,382,Vendor,Food,catherine.li,tony.xi,673847.0,6223,0.00031164344428334623,0.011569391864918892,0.0015641532870221283,0.004017354973485457,0.0016591303367084814,2.6712295224286818e-05,0.0,0.004981520167121967,0.0,5.194057404722437e-05,80,60,80,80,80,100,100,80,100,100,210.0,7796.0,1054.0,25.0,1118.0,18.0,0.0,31.0,35.0
B,84.0,"Chengdu Junming Medical Device Co., Ltd.",574,Vendor,Non-food,summer.xing,azure.wang,3834.0,58,0.0,0.0,0.023474178403755867,0.0,0.016692749087115284,0.0,0.0,0.0,0.0,0.0,100,100,20,100,60,100,100,100,100,100,0.0,0.0,90.0,0.0,64.0,0.0,0.0,0.0,0.0
B,84.0,I-LINK ENTERPRISE INC,836,Vendor,Food,sophia.zhu,,2180.0,31,0.0,0.0,0.03669724770642202,0.0,0.0,0.0,0.0,0.06451612903225806,0.0,0.0,100,100,20,100,100,100,100,20,100,100,0.0,0.0,80.0,0.0,0.0,0.0,0.0,2.0,0.0
B,84.0,NY Wakka USA Inc,850,Vendor,Food,shun.sakaguchi,,210.0,10,0.0,0.3333333333333333,0.0,0.1,0.0,0.0,0.0,0.0,0.0,0.0,100,20,100,20,100,100,100,100,100,100,0.0,70.0,0.0,1.0,0.0,0.0,0.0,0.0,0.0
B,84.0,广西小马一九八零餐饮投资有限公司,877,Vendor,Food,emily.wang@yamibuy.com,,9300.0,23,0.0,0.0,0.03870967741935484,0.08695652173913043,0.0,0.0,0.0,0.0,0.0,0.0,100,100,20,20,100,100,100,100,100,100,0.0,0.0,360.0,2.0,0.0,0.0,0.0,0.0,0.0
B,84.0,陕西望岳商贸有限公司,890,Vendor,Food,rocky.liu,,35701.0,157,0.0023528752696002912,0.0026890003081146184,0.009607574017534523,0.006369426751592357,0.0,0.0,0.0,0.0,0.0,0.0,60,80,60,80,100,100,100,100,100,100,84.0,96.0,343.0,1.0,0.0,0.0,0.0,0.0,0.0
B,84.0,上海布野日化有限公司,936,Vendor,Non-food,summer.xing,azure.wang,980.0,105,0.0,0.0,0.0,0.0,0.7755102040816326,0.05612244897959184,0.0,0.0,0.0,0.0,100,100,100,100,20,20,100,100,100,100,0.0,0.0,0.0,0.0,760.0,55.0,0.0,0.0,0.0
B,84.0,ElarisBeaute Inc.,1009,Vendor,Non-food,kristin.chen,,862.0,25,0.016241299303944315,0.0,0.0,0.04,0.0,0.0,0.0,0.04,0.0,0.0,20,100,100,60,100,100,100,60,100,100,14.0,0.0,0.0,1.0,0.0,0.0,0.0,1.0,0.0
B,83.0,Jcosme (JC),2,Vendor,Non-food,emi.shi,,23603.0,1356,0.00038130746091598523,0.001271024869719951,0.002542049739439902,0.0022123893805309734,0.0010591873914332923,0.036012371308731944,0.0,0.0007374631268436578,0.0,0.0,80,80,80,80,80,60,100,80,100,100,9.0,30.0,60.0,3.0,25.0,850.0,0.0,1.0,0.0
B,83.0,Tak Shing Hong Inc,62,Vendor,Non-food,kiki.hu,,5736.0,159,0.0,0.2637726638772664,0.00017433751743375174,0.031446540880503145,0.0,0.0,0.0,0.0,0.0,0.0,100,20,80,60,100,100,100,100,100,100,0.0,1513.0,1.0,5.0,0.0,0.0,0.0,0.0,0.0
B,83.0,Tiffany Food Corp.,82,Vendor,Food,,"Jessica.Pfeiff, jason.wu",348504.0,6567,0.0002754631223744921,0.0035896288134426003,0.0017704244427610588,0.003654636820465966,0.003216605835227142,0.0008608222574202879,0.00015227653418608191,0.008070656311862342,0.0,7.460459564309162e-05,80,80,80,80,80,80,80,80,100,100,96.0,1251.0,617.0,24.0,1121.0,300.0,1.0,53.0,26.0
B,83.0,BNB Global (BN),266,Vendor,Food,jessica.li,,11047.0,338,0.00027156694125101837,0.009052231375033946,0.002353580157508826,0.008875739644970414,0.011405811532542772,0.0,0.0029585798816568047,0.0029585798816568047,0.0,0.0,80,80,80,80,60,100,80,80,100,100,3.0,100.0,26.0,3.0,126.0,0.0,1.0,1.0,0.0
B,83.0,Fuji Merchandise,408,Vendor,Non-food,emi.shi,,1675.0,165,0.0,0.0,0.026865671641791045,0.006060606060606061,0.005970149253731343,0.0,0.0,0.0,0.0,0.0,100,100,20,80,60,100,100,100,100,100,0.0,0.0,45.0,1.0,10.0,0.0,0.0,0.0,0.0
B,83.0,Ti Moph Co. Ltd KRW,619,Vendor,Non-food,yuri.jang,,16258.0,400,0.0,0.0,0.010394882519375077,0.0025,0.06765899864682003,0.0,0.0,0.05,0.0,0.0,100,100,60,80,20,100,100,60,100,100,0.0,0.0,169.0,1.0,1100.0,0.0,0.0,20.0,0.0
B,83.0,"Yami Japan Co.,Ltd (Yen)",732,Vendor,Non-food,Hui Liu,haiwei.shen,139823.0,1241,0.00022886077397853,0.00025746837072584624,0.0027034178926213857,0.053988718775181306,0.0021241140584882315,0.0,0.0,0.011281224818694601,0.0,8.582279024194875e-05,80,80,80,20,80,100,100,60,100,100,32.0,36.0,378.0,67.0,297.0,0.0,0.0,14.0,12.0
B,83.0,"Shenzhen LeShiLeXiang Technology  Co., Ltd",751,Vendor,Non-food,summer.xing,rui.sun,458.0,56,0.0,0.0,0.04585152838427948,0.017857142857142856,0.0,0.002183406113537118,0.0,0.017857142857142856,0.0,0.0,100,100,20,80,100,80,100,60,100,100,0.0,0.0,21.0,1.0,0.0,1.0,0.0,1.0,0.0
B,83.0,Moka Express Inc. - Consignment,770,Vendor,Food,,"Jessica.Pfeiff, Shanshan Gao",103724.0,884,3.8563881068990786e-05,0.033627704292159964,0.00021210134587944932,0.011312217194570135,0.006160580000771278,0.0025837800316223826,0.0,0.004524886877828055,0.0,8.676873240522926e-05,100,60,80,80,60,80,100,80,100,100,4.0,3488.0,22.0,10.0,639.0,268.0,0.0,4.0,9.0
B,83.0,广西轩妈食品有限公司,867,Vendor,Food,rocky.liu,,14947.0,77,6.690305746972637e-05,0.0,0.021408978390312437,0.012987012987012988,0.01605673379273433,0.0,0.0,0.0,0.0,0.0,100,100,20,80,60,100,100,100,100,100,1.0,0.0,320.0,1.0,240.0,0.0,0.0,0.0,0.0
B,83.0,METAVITA CORP,875,Vendor,Food,catherine.li,,18007.0,90,0.0,0.002665630032765036,0.10029432998278447,0.0,0.0,0.0,0.0,0.011111111111111112,0.0,0.0,100,80,20,100,100,100,100,60,100,100,0.0,48.0,1806.0,0.0,0.0,0.0,0.0,1.0,0.0
B,83.0,杭州福满屋文化创意有限公司,913,Vendor,Non-food,azure.wang,,5649.0,70,0.0001770224818551956,0.0,0.035404496371039124,0.0,0.0,0.0,0.0,0.02857142857142857,0.0,0.0,80,100,20,100,100,100,100,60,100,100,1.0,0.0,200.0,0.0,0.0,0.0,0.0,2.0,0.0
B,82.0,Fashion City International (FC),4,Vendor,Food,,"kiki.hu, sonia.yang",3366.0,89,0.0,0.0,0.0213903743315508,0.0,0.0106951871657754,0.0,0.0,0.011235955056179775,0.0,0.0,100,100,20,100,60,100,100,60,100,100,0.0,0.0,72.0,0.0,36.0,0.0,0.0,1.0,0.0
B,82.0,"HAITAI,INC",36,Vendor,Food,,"jessica.li, yuri.jang",120306.0,2003,0.00044054328129935333,0.0034246006017987466,0.0025767625887320664,0.00199700449326011,0.0029009359466693266,0.0,0.0004992511233150275,0.0029955067398901645,0.0,0.00017455488504313998,80,80,80,80,80,100,80,80,100,80,53.0,412.0,310.0,4.0,349.0,0.0,1.0,6.0,21.0
B,82.0,"Jayone Foods, Inc",54,Vendor,Food,jessica.li,,163920.0,3088,0.000951683748169839,0.001433626159102001,0.0014092240117130307,0.006800518134715026,0.008382137628111274,0.0,0.0,0.0042098445595854924,0.0,4.8804294777940456e-05,60,80,80,80,60,100,100,80,100,100,156.0,235.0,231.0,21.0,1374.0,0.0,0.0,13.0,8.0
B,82.0,Golden USA,200,Vendor,Food,jessica.li,,9705.0,97,0.0007212776919113859,0.002472952086553323,0.0,0.05154639175257732,0.0012364760432766616,0.0,0.0,0.0,0.0,0.00020607934054611026,60,80,100,20,80,100,100,100,100,80,7.0,24.0,0.0,5.0,12.0,0.0,0.0,0.0,2.0
B,82.0,Northern Food （NT）,253,Vendor,Food,jason.wu,,2268.0,56,0.0,0.12522045855379188,0.005291005291005291,0.0,0.0,0.0,0.0,0.0,0.0,0.0,100,20,60,100,100,100,100,100,100,100,0.0,284.0,12.0,0.0,0.0,0.0,0.0,0.0,0.0
B,82.0,OCM Group NJ Inc,573,Vendor,Food,jason.wu,"jessica.li, josephine.lee, tony.xi, zehua.li",1438540.0,8618,0.00021549626704853533,0.004898716754487188,0.004562264518192056,0.005453701554885124,0.0026895324426154297,0.00025164402797280574,0.0,0.0051055929449988395,0.0,0.0002836208934058142,80,80,80,80,80,80,100,80,100,80,310.0,7047.0,6563.0,47.0,3869.0,362.0,0.0,44.0,408.0
B,82.0,Daesang America,607,Vendor,Food,jessica.li,,8572.0,250,0.0002333177788147457,0.00979934671021932,0.010965935604293047,0.0,0.010032664489034065,0.0,0.0,0.016,0.0,0.0,80,80,60,100,60,100,100,60,100,100,2.0,84.0,94.0,0.0,86.0,0.0,0.0,4.0,0.0
B,82.0,Tohkin MeiLi ChuFang USA LLC,636,Vendor,Food,Shanshan Gao,,4896.0,29,0.0,0.0,0.10294117647058823,0.0,0.0,0.0,0.0,0.0,0.0,0.0012254901960784314,100,100,20,100,100,100,100,100,100,60,0.0,0.0,504.0,0.0,0.0,0.0,0.0,0.0,6.0
B,82.0,CDT Global Inc,658,Vendor,Food,abby.yu,,4677.0,52,0.0,0.006414368184733804,0.004703870002138123,0.0,0.005131494547787043,0.0,0.038461538461538464,0.0,0.0,0.0,100,80,80,100,60,100,20,100,100,100,0.0,30.0,22.0,0.0,24.0,0.0,2.0,0.0,0.0
B,82.0,HiiiGet Corporated,686,Vendor,Non-food,kiki.hu,,7780.0,637,0.0,0.008354755784061696,0.0021850899742930593,0.01098901098901099,0.010796915167095116,0.0006426735218508997,0.0,0.026687598116169546,0.0,0.00012853470437017994,100,80,80,80,60,80,100,60,100,80,0.0,65.0,17.0,7.0,84.0,5.0,0.0,17.0,1.0
B,82.0,QwTech Co. consignment 2024,701,Vendor,Food,summer.xing,rocky.liu,358278.0,972,0.0004019225294324519,0.004756083264950681,0.002651572242783537,0.012345679012345678,0.001613272375083036,0.00017304997795008345,0.00102880658436214,0.012345679012345678,0.0,2.2329029412913995e-05,80,80,80,80,80,80,80,60,100,100,144.0,1704.0,950.0,12.0,578.0,62.0,1.0,12.0,8.0
B,82.0,SUFOO LIFE INC NET60,710,Vendor,Food,,"jianning.wu, sonia.yang",11865.0,352,0.0,0.00606826801517067,0.00202275600505689,0.036931818181818184,0.03059418457648546,0.01213653603034134,0.0,0.028409090909090908,0.0,8.428150021070375e-05,100,80,80,60,60,60,100,60,100,100,0.0,72.0,24.0,13.0,363.0,144.0,0.0,10.0,1.0
B,82.0,"Shenzhen Rongbao Electronic Co.,Ltd",749,Vendor,Non-food,azure.wang,,105352.0,1314,0.001205482572708634,0.0,0.003436099931657681,0.0015220700152207,0.018860581669071303,0.0013858303591768547,0.0,0.02054794520547945,0.0,0.0,60,100,80,80,60,80,100,60,100,100,127.0,0.0,362.0,2.0,1987.0,146.0,0.0,27.0,0.0
B,82.0,AMOS SWEETS INC.,769,Vendor,Food,Shanshan Gao,,4113.0,64,0.0,0.0,0.005835156819839533,0.0,0.10211524434719182,0.0,0.0,0.140625,0.0,0.0,100,100,60,100,20,100,100,20,100,100,0.0,0.0,24.0,0.0,420.0,0.0,0.0,9.0,0.0
B,82.0,AJW Global Trading Consignment,792,Vendor,Non-food,,"Jessica.Pfeiff, zehua.li",7709.0,114,0.005577895965754313,0.0038915553249448697,0.0,0.008771929824561403,0.0,0.0,0.0,0.03508771929824561,0.0,0.0,20,80,100,80,100,100,100,60,100,100,43.0,30.0,0.0,1.0,0.0,0.0,0.0,4.0,0.0
B,82.0,Stylekorean Inc,809,Vendor,Non-food,yuri.jang,,40789.0,1038,0.001323886341905906,0.004412954473019687,0.004707151437887666,0.00674373795761079,0.005785873642403589,0.0,0.0,0.008670520231213872,0.0,2.451641373899826e-05,60,80,80,80,60,100,100,80,100,100,54.0,180.0,192.0,7.0,236.0,0.0,0.0,9.0,1.0
B,82.0,QnQ Global,848,Vendor,Non-food,kristin.chen,,95696.0,1283,0.0001462966059187427,0.0,0.014441564955693029,0.019485580670303974,0.017158501922755393,0.00016719612104999163,0.0,0.044427123928293066,0.0,2.0899515131248954e-05,80,100,60,80,60,80,100,60,100,100,14.0,0.0,1382.0,25.0,1642.0,16.0,0.0,57.0,2.0
B,82.0,Si Chuan Zhou Hei Ya Shi Pin Ke Ji You Xian Gong Si,858,Vendor,Food,emily.wang@yamibuy.com,,6979.0,22,0.0022925920618999856,0.08597220232124947,0.0,0.0,0.0,0.0,0.0,0.0,0.0,0.0,60,20,100,100,100,100,100,100,100,100,16.0,600.0,0.0,0.0,0.0,0.0,0.0,0.0,0.0
B,82.0,"Hong Cheon USA, Inc.",872,Vendor,Non-food,yuri.jang,,2739.0,43,0.0,0.0,0.2628696604600219,0.0,0.0,0.014603870025556773,0.0,0.023255813953488372,0.0,0.0,100,100,20,100,100,60,100,60,100,100,0.0,0.0,720.0,0.0,0.0,40.0,0.0,1.0,0.0
B,82.0,Nitori,993,Vendor,Non-food,haiwei.shen,,794.0,35,0.003778337531486146,0.0,0.015113350125944584,0.0,0.0,0.0,0.0,0.0,0.0,0.0,20,100,60,100,100,100,100,100,100,100,3.0,0.0,12.0,0.0,0.0,0.0,0.0,0.0,0.0
B,82.0,富森,999,Vendor,Non-food,Hui Liu,,494.0,38,0.0,0.0,0.048582995951417005,0.05263157894736842,0.0,0.0,0.0,0.02631578947368421,0.0,0.0,100,100,20,20,100,100,100,60,100,100,0.0,0.0,24.0,2.0,0.0,0.0,0.0,1.0,0.0
B,82.0,"O’ Miracle, Inc",1019,Vendor,Non-food,josephine.lee,,1944.0,31,0.0,0.0,0.012345679012345678,0.0,0.09876543209876543,0.0,0.0,0.12903225806451613,0.0,0.0,100,100,60,100,20,100,100,20,100,100,0.0,0.0,24.0,0.0,192.0,0.0,0.0,4.0,0.0
B,81.0,PROFIT BLOOM INC.,331,Vendor,Food,,"kiki.hu, sophia.zhu",22712.0,457,4.4029587883057415e-05,0.0038746037337090526,0.008057414582599507,0.00437636761487965,0.013032758013384995,0.0,0.0,0.045951859956236324,0.0,0.00013208876364917223,100,80,60,80,60,100,100,60,100,80,1.0,88.0,183.0,2.0,296.0,0.0,0.0,21.0,3.0
B,81.0,Freshmore Inc,521,Vendor,Food,,"Jessica.Pfeiff, Shanshan Gao",83893.0,615,0.0008105563038632544,0.020085108411905642,0.0007271166843479194,0.016260162601626018,0.004756058312374096,0.0,0.0,0.00975609756097561,0.0,1.1919945645047859e-05,60,60,80,80,80,100,100,80,100,100,68.0,1685.0,61.0,10.0,399.0,0.0,0.0,6.0,1.0
B,81.0,"Fun Kitchen, INC",638,Vendor,Non-food,kristin.chen,,1982.0,187,0.0035317860746720484,0.0,0.014127144298688193,0.0,0.0,0.0,0.0,0.0053475935828877,0.0,0.0,20,100,60,100,100,100,100,80,100,100,7.0,0.0,28.0,0.0,0.0,0.0,0.0,1.0,0.0
B,81.0,Kam Lee Yuen Trading,691,Vendor,Food,,"kiki.hu, sonia.yang",3426.0,38,0.0,0.18972562755399883,0.0070052539404553416,0.02631578947368421,0.0,0.0,0.0,0.0,0.0,0.0,100,20,60,80,100,100,100,100,100,100,0.0,650.0,24.0,1.0,0.0,0.0,0.0,0.0,0.0
B,81.0,Tayama New,771,Vendor,Non-food,Jessica.Pfeiff,,741.0,60,0.005398110661268556,0.0,0.001349527665317139,0.0,0.0,0.032388663967611336,0.0,0.0,0.0,0.0,20,100,80,100,100,60,100,100,100,100,4.0,0.0,1.0,0.0,0.0,24.0,0.0,0.0,0.0
B,80.0,"OTTOGI AMERICA,INC (OT)",86,Vendor,Food,jessica.li,,124034.0,1403,0.00013705919344695808,0.0008223551606817486,0.01228695357724495,0.003563791874554526,0.008344486189270684,0.0,0.0007127583749109052,0.0042765502494654314,0.0,8.062305496879887e-06,80,80,60,80,60,100,80,80,100,100,17.0,102.0,1524.0,5.0,1035.0,0.0,1.0,6.0,1.0
B,80.0,"OJC Commerce Co., LTD",580,Vendor,Non-food,yuri.jang,,963.0,54,0.0010384215991692627,0.0,0.0,0.0,0.07476635514018691,0.018691588785046728,0.0,0.018518518518518517,0.0,0.0,60,100,100,100,20,60,100,60,100,100,1.0,0.0,0.0,0.0,72.0,18.0,0.0,1.0,0.0
B,80.0,陕西源尚禾耘生态农业有限公司,901,Vendor,Food,emily.wang@yamibuy.com,,19674.0,65,0.0,0.0,0.0593676934024601,0.0,0.007014333638304361,0.0,0.0,0.06153846153846154,0.0,0.0,100,100,20,100,60,100,100,20,100,100,0.0,0.0,1168.0,0.0,138.0,0.0,0.0,4.0,0.0
C,79.0,Lam Sheng Kee,76,Vendor,Food,sonia.yang,,51894.0,443,0.0,0.021177785485797972,0.0023894862604540022,0.01580135440180587,0.035919374108760165,0.0,0.002257336343115124,0.013544018058690745,0.0,0.00013489035341272593,100,60,80,80,60,100,80,60,100,80,0.0,1099.0,124.0,7.0,1864.0,0.0,1.0,6.0,7.0
C,79.0,Big Green (USA )Inc. (BG),78,Vendor,Food,,"abby.yu, kiki.hu",38493.0,597,2.5978749383004704e-05,0.0024939599407684514,0.056477801158652224,0.0,0.0010391499753201882,0.0,0.0,0.006700167504187605,0.0,0.00020782999506403763,100,80,20,100,80,100,100,80,100,80,1.0,96.0,2174.0,0.0,40.0,0.0,0.0,4.0,8.0
C,79.0,EMPIRE,99,Vendor,Food,zehua.li,,1616.0,52,0.0,0.0,0.022277227722772276,0.019230769230769232,0.0,0.0,0.057692307692307696,0.0,0.0,0.0,100,100,20,80,100,100,20,100,100,100,0.0,0.0,36.0,1.0,0.0,0.0,3.0,0.0,0.0
C,79.0,JIANG NAN FOODS INC,624,Vendor,Food,jason.wu,,114881.0,964,0.000400414341797164,0.02673200964476284,0.00418694126966165,0.006224066390041493,0.003447045203297325,0.00027854910733715756,0.0,0.005186721991701245,0.0,0.00015668387287715114,80,60,80,80,80,80,100,80,100,80,46.0,3071.0,481.0,6.0,396.0,32.0,0.0,5.0,18.0
C,79.0,Krush,694,Vendor,Food,yoona.oh,jessica.li,29309.0,375,0.0002729537002285987,0.0,0.007165034631000717,0.005333333333333333,0.005015524241700501,0.0025248217271145383,0.0,0.034666666666666665,0.0,0.0002388344877000239,80,100,60,80,60,80,100,60,100,80,8.0,0.0,210.0,2.0,147.0,74.0,0.0,13.0,7.0
C,79.0,"Xi'an Spirit of Storm Information, Ltd",755,Vendor,Food,azure.wang,"kiki.hu, rocky.liu",119551.0,517,0.0011292251842309976,0.0017816664017866852,0.01098276049552074,0.0038684719535783366,0.007218676548084081,0.0,0.0,0.009671179883945842,0.0,0.0,60,80,60,80,60,100,100,80,100,100,135.0,213.0,1313.0,2.0,863.0,0.0,0.0,5.0,0.0
C,79.0,Craver Corporation,876,Vendor,Non-food,yoona.oh,,4627.0,201,0.0,0.0,0.020963907499459693,0.004975124378109453,0.009725524097687486,0.019018802679922196,0.0,0.0,0.0,0.0,100,100,20,80,60,60,100,100,100,100,0.0,0.0,97.0,1.0,45.0,88.0,0.0,0.0,0.0
C,79.0,西安丽昆商贸有限公司,889,Vendor,Food,,"azure.wang, rocky.liu",56516.0,284,0.0,0.0,0.043598273055417934,0.06690140845070422,0.0009554816335197112,0.0031849387783990375,0.0,0.007042253521126761,0.0,0.0,100,100,20,20,80,80,100,80,100,100,0.0,0.0,2464.0,19.0,54.0,180.0,0.0,2.0,0.0
C,79.0,浙江宋朝臻选香氛有限公司,921,Vendor,Non-food,azure.wang,,47188.0,441,4.238365686191405e-05,0.0,0.022950750190726454,0.0022675736961451248,0.015491226583029583,0.0015258116470289057,0.0,0.011337868480725623,0.0,0.0,100,100,20,80,60,80,100,60,100,100,2.0,0.0,1083.0,1.0,731.0,72.0,0.0,5.0,0.0
C,78.0,Shunda Star Trading Co. Ltd,80,Vendor,Food,,"jason.wu, jianning.wu",269612.0,2762,0.00021883298962954172,0.008831209293354896,0.0020362595136714985,0.0018102824040550326,0.006780113644793259,0.0004154117769238758,0.0003620564808110065,0.00832729905865315,0.0,0.0001372342477337804,80,80,80,80,60,80,80,80,100,80,59.0,2381.0,549.0,5.0,1828.0,112.0,1.0,23.0,37.0
C,78.0,Lotte International America Corp,150,Vendor,Food,jessica.li,,11446.0,186,0.0,0.001397868250917351,0.025860562641970994,0.005376344086021506,0.02149222435785427,0.0,0.0,0.010752688172043012,0.0,0.0,100,80,20,80,60,100,100,60,100,100,0.0,16.0,296.0,1.0,246.0,0.0,0.0,2.0,0.0
C,78.0,"Permaglow, Inc",238,Vendor,Food,catherine.li,,30943.0,198,0.0,0.0534531234851178,0.006592767346411143,0.0,0.0,0.0029085738292990338,0.0,0.010101010101010102,0.0,3.2317486992211486e-05,100,20,60,100,100,80,100,60,100,100,0.0,1654.0,204.0,0.0,0.0,90.0,0.0,2.0,1.0
C,78.0,Zwilling J.A. Henckels LLC,527,Vendor,Non-food,josephine.lee,,1565.0,361,0.0006389776357827476,0.0,0.008945686900958467,0.00554016620498615,0.011501597444089457,0.017252396166134186,0.0,0.002770083102493075,0.0,0.0,60,100,60,80,60,60,100,80,100,100,1.0,0.0,14.0,2.0,18.0,27.0,0.0,1.0,0.0
C,78.0,Win Luck Trading Inc East,575,Vendor,Food,jason.wu,,25315.0,252,0.00015800908552241754,0.26616630456251233,0.017618013035749554,0.0,0.0,0.0,0.0,0.007936507936507936,0.0,0.0,80,20,60,100,100,100,100,80,100,100,4.0,6738.0,446.0,0.0,0.0,0.0,0.0,2.0,0.0
C,78.0,"Central Boeki Calif., LTD",641,Vendor,Food,shun.sakaguchi,,19666.0,693,0.0013729278958608767,0.042662463134343534,0.004627275500864436,0.024531024531024532,0.011339367436184277,0.0,0.0,0.010101010101010102,0.0,5.0849181328180614e-05,60,60,80,80,60,100,100,60,100,100,27.0,839.0,91.0,17.0,223.0,0.0,0.0,7.0,1.0
C,78.0,Grain Harvest Consignment,802,Vendor,Food,,"emi.shi, takahiro.haga",39188.0,538,0.0,0.07780442992752884,0.0003062161886291722,0.01486988847583643,0.007655404715729305,0.0,0.0,0.027881040892193308,0.0,5.103603143819537e-05,100,20,80,80,60,100,100,60,100,100,0.0,3049.0,12.0,8.0,300.0,0.0,0.0,15.0,2.0
C,78.0,"EGONGEGONG,LLC",808,Vendor,Non-food,yoona.oh,,4700.0,247,0.000851063829787234,0.002553191489361702,0.0010638297872340426,0.008097165991902834,0.08468085106382979,0.0,0.0,0.008097165991902834,0.0,0.0,60,80,80,80,20,100,100,80,100,100,4.0,12.0,5.0,2.0,398.0,0.0,0.0,2.0,0.0
C,78.0,Shunda Star USA Inc.,868,Vendor,Food,jason.wu,,117375.0,1451,0.0003152289669861555,0.02387220447284345,0.0005282215122470713,0.0006891798759476223,0.00536741214057508,0.0014313099041533546,0.0013783597518952446,0.0034458993797381117,0.0,0.0,80,60,80,80,60,80,80,80,100,100,37.0,2802.0,62.0,1.0,630.0,168.0,2.0,5.0,0.0
C,77.0,DAI CHEONG TRADING,12,Vendor,Food,zehua.li,,1893.0,60,0.0005282620179609086,0.01901743264659271,0.0021130480718436345,0.0,0.06656101426307448,0.0,0.0,0.0,0.0,0.0,60,60,80,100,20,100,100,100,100,100,1.0,36.0,4.0,0.0,126.0,0.0,0.0,0.0,0.0
C,77.0,PANDA TRADING,25,Vendor,Food,catherine.li,kiki.hu,254348.0,3770,0.00048752103417365185,0.029302373126582477,0.004670766037083052,0.001856763925729443,0.002893673235095224,0.0011558966455407552,0.002652519893899204,0.005039787798408488,0.0,0.00011794863730007705,80,60,80,80,80,80,80,80,100,80,124.0,7453.0,1188.0,7.0,736.0,294.0,10.0,19.0,30.0
C,77.0,Solstice Medicine Company(SM),60,Vendor,Non-food,Jessica.Pfeiff,,5563.0,265,0.0003595182455509617,0.272514830127629,0.0010785547366528852,0.011320754716981131,0.003954700701060579,0.003595182455509617,0.0,0.0,0.0,0.0,80,20,80,80,80,80,100,100,100,100,2.0,1516.0,6.0,3.0,22.0,20.0,0.0,0.0,0.0
C,77.0,Hong Kong Deembuy Trading Limited,401,Vendor,Non-food,kristin.chen,,4007.0,197,0.0007486897928624906,0.0,0.0029947591714499623,0.0,0.060144746693286746,0.0002495632642874969,0.0,0.06091370558375635,0.0,0.0,60,100,80,100,20,80,100,20,100,100,3.0,0.0,12.0,0.0,241.0,1.0,0.0,12.0,0.0
C,77.0,Bridge Pacific 2 LLC.,601,Vendor,Food,abby.yu,josephine.lee,303071.0,2967,0.0005345282128610127,0.01610183752322063,0.0013396200890220444,0.008088978766430738,0.004705168095924717,0.002230500443790399,0.0013481631277384564,0.0023592854735422987,0.0,8.248892173781062e-05,60,60,80,80,80,80,80,80,100,100,162.0,4880.0,406.0,24.0,1426.0,676.0,4.0,7.0,25.0
C,77.0,Food Depot Trading Inc,608,Vendor,Food,jason.wu,zehua.li,10842.0,104,0.0,0.025087622209924366,0.007378712414683638,0.028846153846153848,0.12101088360081166,0.0,0.0,0.04807692307692308,0.0,0.0,100,60,60,80,20,100,100,60,100,100,0.0,272.0,80.0,3.0,1312.0,0.0,0.0,5.0,0.0
C,77.0,CBL Trading (USA) Inc,635,Vendor,Non-food,,"jessie.li, josephine.lee",15089.0,1204,0.0018556564384651071,0.0003976406653853801,0.006693617867320565,0.0,0.0,0.012923321625024853,0.0,0.004152823920265781,0.0,0.00013254688846179335,60,80,60,100,100,60,100,80,100,80,28.0,6.0,101.0,0.0,0.0,195.0,0.0,5.0,2.0
C,77.0,Tee Seng Consignment,727,Vendor,Non-food,Shanshan Gao,"jessie.li, kristin.chen",111241.0,3684,0.0005213904945119156,0.03483427872816677,0.001842845713361081,0.004614549402823019,0.03127444017943025,0.002337267734018932,0.0,0.00760043431053203,0.0,9.888440413157019e-05,60,60,80,80,60,80,100,80,100,100,58.0,3875.0,205.0,17.0,3479.0,260.0,0.0,28.0,11.0
C,77.0,Ontoping Inc. Consignment 2024,778,Vendor,Food,sophia.zhu,,218986.0,1425,0.00010046304329957167,0.012790772012822738,0.005804024001534344,0.004912280701754386,0.0060506151078151115,0.0,0.0007017543859649122,0.009824561403508772,0.0,1.8266007872649392e-05,80,60,60,80,60,100,80,80,100,100,22.0,2801.0,1271.0,7.0,1325.0,0.0,1.0,14.0,4.0
C,77.0,Yami Korea (Won),955,Vendor,Non-food,,"joe.cho, yoona.oh",41379.0,483,2.416684791802605e-05,0.0,0.02668020010150076,0.031055900621118012,0.005316706541965731,0.017400130500978758,0.0,0.002070393374741201,0.0,0.0,100,100,20,60,60,60,100,80,100,100,1.0,0.0,1104.0,15.0,220.0,720.0,0.0,1.0,0.0
C,76.0,WELL LUCK CO,15,Vendor,Food,sonia.yang,,199284.0,1704,0.00014050300074265872,0.04692298428373577,0.007311174002930491,0.0017605633802816902,0.00026093414423636617,0.0,0.0005868544600938967,0.002347417840375587,0.0,0.00015555689367937215,80,60,60,80,80,100,80,80,100,80,28.0,9351.0,1457.0,3.0,52.0,0.0,1.0,4.0,31.0
C,76.0,Winneram(RM),69,Vendor,Food,,"jianning.wu, zehua.li",8260.0,127,0.0,0.010169491525423728,0.008716707021791767,0.023622047244094488,0.039951573849878935,0.0,0.007874015748031496,0.0,0.0,0.00012106537530266344,100,60,60,80,60,100,60,100,100,80,0.0,84.0,72.0,3.0,330.0,0.0,1.0,0.0,1.0
C,76.0,New Way Import.Inc(NW),83,Vendor,Food,Shanshan Gao,,2579.0,109,0.0,0.0,0.03722373012795657,0.03669724770642202,0.07444746025591314,0.0,0.0,0.027522935779816515,0.0,0.0,100,100,20,60,20,100,100,60,100,100,0.0,0.0,96.0,4.0,192.0,0.0,0.0,3.0,0.0
C,76.0,AKT TRADING INC,233,Vendor,Food,,"emi.shi, takahiro.haga",69585.0,878,0.0007185456635769203,0.008191420564776892,0.002399942516346914,0.1571753986332574,0.012100308974635338,0.003276568225910757,0.0,0.010250569476082005,0.0,5.748365308615362e-05,60,80,80,20,60,80,100,60,100,100,50.0,570.0,167.0,138.0,842.0,228.0,0.0,9.0,4.0
C,76.0,DAIEI TRADING (DE),234,Vendor,Food,zehua.li,,13989.0,248,0.0,0.18586031882193152,0.00729144327686039,0.020161290322580645,0.0064336264207591675,0.0,0.0,0.004032258064516129,0.0,0.0,100,20,60,80,60,100,100,80,100,100,0.0,2600.0,102.0,5.0,90.0,0.0,0.0,1.0,0.0
C,76.0,President East,283,Vendor,Food,jason.wu,,14971.0,210,0.0002003874156702959,0.1723331774764545,0.0008015496626811836,0.009523809523809525,0.005343664417874558,0.0,0.0,0.009523809523809525,0.0,6.679580522343197e-05,80,20,80,80,60,100,100,80,100,100,3.0,2580.0,12.0,2.0,80.0,0.0,0.0,2.0,1.0
C,76.0,Golden Light International Inc.,347,Vendor,Food,sophia.zhu,,171275.0,1578,8.757845569989783e-05,0.05048022186542111,0.007374105969931397,0.0031685678073510772,0.0011560356152386514,8.757845569989783e-05,0.0019011406844106464,0.0012674271229404308,0.0,4.086994599328565e-05,100,20,60,80,80,100,80,80,100,100,15.0,8646.0,1263.0,5.0,198.0,15.0,3.0,2.0,7.0
C,76.0,Miwa USA Corp.,598,Vendor,Non-food,Jessica.Pfeiff,,29635.0,942,0.0,0.0004049266070524717,0.0,0.0021231422505307855,0.062021258646870255,0.09718238569259322,0.0,0.005307855626326964,0.0,0.00010123165176311793,100,80,100,80,20,20,100,80,100,80,0.0,12.0,0.0,2.0,1838.0,2880.0,0.0,5.0,3.0
C,76.0,Premier Goods Trading Co-Consignment,714,Vendor,Non-food,kiki.hu,,173.0,42,0.005780346820809248,0.0,0.0,0.0,0.023121387283236993,0.1907514450867052,0.0,0.0,0.0,0.0,20,100,100,100,60,20,100,100,100,100,1.0,0.0,0.0,0.0,4.0,33.0,0.0,0.0,0.0
C,76.0,Glowiss LLC (Direct),766,Vendor,Non-food,yoona.oh,,34074.0,480,2.9347889886717146e-05,0.00029347889886717146,0.010653284028878324,0.010416666666666666,0.06582731701590655,0.03656747079884956,0.0,0.010416666666666666,0.0,5.869577977343429e-05,100,80,60,80,20,60,100,60,100,100,1.0,10.0,363.0,5.0,2243.0,1246.0,0.0,5.0,2.0
C,76.0,深圳天然食品贸易有限公司,880,Vendor,Food,emily.wang@yamibuy.com,,21813.0,134,0.01361573373676248,0.0,0.028744326777609682,0.0,0.0,0.0,0.0,0.0,0.0,0.0,20,100,20,100,100,100,100,100,100,100,297.0,0.0,627.0,0.0,0.0,0.0,0.0,0.0,0.0
C,76.0,深圳华远世纪贸易有限公司,881,Vendor,Food,rocky.liu,,44445.0,165,0.0002474969062886714,0.0,0.07942400719991,0.012121212121212121,0.04454944313196085,0.0,0.006060606060606061,0.0,0.0,0.0,80,100,20,80,60,100,60,100,100,100,11.0,0.0,3530.0,2.0,1980.0,0.0,1.0,0.0,0.0
C,76.0,上海锐趋食品科技有限公司,895,Vendor,Food,emily.wang@yamibuy.com,,2340.0,44,0.0,0.32051282051282054,0.02564102564102564,0.0,0.0,0.0,0.0,0.0,0.0,0.0,100,20,20,100,100,100,100,100,100,100,0.0,750.0,60.0,0.0,0.0,0.0,0.0,0.0,0.0
C,76.0,Much Much Global Trading Inc -Consignment,995,Vendor,Non-food,Shanshan Gao,,419.0,16,0.0,0.2100238663484487,0.0,0.1875,0.0,0.0954653937947494,0.0,0.0,0.0,0.0,100,20,100,20,100,20,100,100,100,100,0.0,88.0,0.0,3.0,0.0,40.0,0.0,0.0,0.0
C,76.0,Open Mouth Food Inc,997,Vendor,Food,sophia.zhu,,4181.0,21,0.0031093039942597465,0.0,0.06888304233436977,0.0,0.0,0.0,0.0,0.0,0.0,0.0,20,100,20,100,100,100,100,100,100,100,13.0,0.0,288.0,0.0,0.0,0.0,0.0,0.0,0.0
C,76.0,"HOP LEE TRADING CO., INC",1021,Vendor,Food,jason.wu,,574.0,15,0.0,0.11498257839721254,0.0,0.06666666666666667,0.18466898954703834,0.0,0.0,0.0,0.0,0.0,100,20,100,20,20,100,100,100,100,100,0.0,66.0,0.0,1.0,106.0,0.0,0.0,0.0,0.0
C,75.0,HC Foods,193,Vendor,Food,,"kiki.hu, zehua.li",13344.0,129,0.0019484412470023981,0.029526378896882494,0.00539568345323741,0.015503875968992248,0.01618705035971223,0.0,0.0,0.03875968992248062,0.0,0.0,60,60,60,80,60,100,100,60,100,100,26.0,394.0,72.0,2.0,216.0,0.0,0.0,5.0,0.0
C,75.0,Meta One Inc-con,857,Vendor,Food,,"Shanshan Gao, kiki.hu",143255.0,1730,0.0004118529894244529,0.028662175840284805,0.009500540993333566,0.003468208092485549,0.006771142368503717,0.00028620292485428083,0.0005780346820809249,0.004624277456647399,0.0,0.0,80,60,60,80,60,80,80,80,100,100,59.0,4106.0,1361.0,6.0,970.0,41.0,1.0,8.0,0.0
C,74.0,PMAI USA,5,Vendor,Non-food,,"emi.shi, jessie.li",89278.0,5967,0.00075046484016219,0.005622885817334618,0.01631981003158673,0.0026814144461203286,0.007370236788458523,0.01709267680727615,0.0,0.013574660633484163,0.0,3.360290329084433e-05,60,80,60,80,60,60,100,60,100,100,67.0,502.0,1457.0,16.0,658.0,1526.0,0.0,81.0,3.0
C,74.0,Wei Chuan LA,254,Vendor,Food,,"Jessica.Pfeiff, sonia.yang",9312.0,143,0.0,0.13487972508591065,0.009879725085910653,0.006993006993006993,0.0019329896907216496,0.0,0.0,0.013986013986013986,0.0,0.00010738831615120275,100,20,60,80,80,100,100,60,100,80,0.0,1256.0,92.0,1.0,18.0,0.0,0.0,2.0,1.0
C,74.0,H&T Seafood Inc.,494,Vendor,Food,zehua.li,,2057.0,59,0.0,0.07583859990277103,0.0,0.0847457627118644,0.01166747690811862,0.0,0.0,0.0,0.0,0.0009722897423432182,100,20,100,20,60,100,100,100,100,60,0.0,156.0,0.0,5.0,24.0,0.0,0.0,0.0,2.0
C,74.0,Si Mei Food LLC-Consignment,830,Vendor,Food,Shanshan Gao,,1105.0,26,0.0009049773755656109,0.0,0.0,0.0,0.26063348416289595,0.0,0.0,0.0,0.0,0.007239819004524887,60,100,100,100,20,100,100,100,100,20,1.0,0.0,0.0,0.0,288.0,0.0,0.0,0.0,8.0
C,74.0,HT Global Trading,847,Vendor,Food,sophia.zhu,,577683.0,3123,0.0004639222549391275,0.014674137892235015,0.018167403229799043,0.011527377521613832,0.01040189861913887,0.00046738436131927024,0.001280819724623759,0.01408901697086135,0.0,4.6738436131927026e-05,80,60,60,80,60,80,80,60,100,100,268.0,8477.0,10495.0,36.0,6009.0,270.0,4.0,44.0,27.0
C,73.0,Joyoung,49,Vendor,Non-food,kristin.chen,,12088.0,668,0.0009927200529450694,0.0,0.017455327597617473,0.004491017964071856,0.00314361350099272,0.07296492389146261,0.0,0.0074850299401197605,0.0,0.00016545334215751158,60,100,60,80,80,20,100,80,100,80,12.0,0.0,211.0,3.0,38.0,882.0,0.0,5.0,2.0
C,73.0,Titans Global Inc,354,Vendor,Food,abby.yu,"jessie.li, kiki.hu, manny.zhang@yamibuy.com, sonia.yang, zehua.li",1534964.0,8955,0.0002970753711487696,0.025299616147349383,0.012321461610826052,0.00480178671133445,0.004668513398359831,0.0005081552401228954,0.0016750418760469012,0.02121719709659408,0.0,0.00014071991264941717,80,60,60,80,80,80,80,60,100,80,456.0,38834.0,18913.0,43.0,7166.0,780.0,15.0,190.0,216.0
C,73.0,Everyday Group LLC,583,Vendor,Food,jason.wu,"Jessica.Pfeiff, zehua.li",107889.0,540,4.634392755517245e-05,0.042172974075206926,0.0005839334871951728,0.007407407407407408,0.03712148597169313,0.05932022727062073,0.0,0.014814814814814815,0.0,0.00011122542613241387,100,60,80,80,60,20,100,60,100,80,5.0,4550.0,63.0,4.0,4005.0,6400.0,0.0,8.0,12.0
C,73.0,"FastBee Co.,Ltd",754,Vendor,Non-food,yuri.jang,,155308.0,2320,0.0002704303706183841,0.0003863291008834059,0.021402632188940687,0.013362068965517242,0.04440209132819945,0.0001287763669611353,0.0,0.02025862068965517,0.0,6.438818348056765e-06,80,80,20,80,60,80,100,60,100,100,42.0,60.0,3324.0,31.0,6896.0,20.0,0.0,47.0,1.0
C,73.0,Global Tastemaker Trading LLC,820,Vendor,Food,,"emi.shi, takahiro.haga",17677.0,308,0.0,0.062284324263166824,0.0007919895909939469,0.05194805194805195,0.023080839508966455,0.0,0.0,0.006493506493506494,0.0,0.00011314137014199242,100,20,80,20,60,100,100,80,100,80,0.0,1101.0,14.0,16.0,408.0,0.0,0.0,2.0,2.0
C,73.0,吉林省村驴食品有限公司,894,Vendor,Food,rocky.liu,,33848.0,81,2.954384306310565e-05,0.08242732214606475,0.04017962656582368,0.0,0.0,0.0,0.0,0.0,0.0,0.0001181753722524226,100,20,20,100,100,100,100,100,100,80,1.0,2790.0,1360.0,0.0,0.0,0.0,0.0,0.0,4.0
C,72.0,Rhee Brothers,595,Vendor,Food,jessica.li,,87432.0,1233,0.00011437459968890109,0.005387043645347241,0.03732043187848842,0.004866180048661801,0.014537011620459329,0.0,0.0,0.0364963503649635,0.0,0.00010293713972001099,80,80,20,80,60,100,100,60,100,80,10.0,471.0,3263.0,6.0,1271.0,0.0,0.0,45.0,9.0
C,72.0,Blooming Import,645,Vendor,Non-food,Jessica.Pfeiff,,2910.0,53,0.0,0.0,0.07835051546391752,0.0,0.006185567010309278,0.0,0.0,0.0,0.0,0.0027491408934707906,100,100,20,100,60,100,100,100,100,20,0.0,0.0,228.0,0.0,18.0,0.0,0.0,0.0,8.0
C,72.0,"JCOR CO., LTD.",874,Vendor,Non-food,yuri.jang,,24197.0,193,0.0006612389965698227,0.0,0.04546018101417531,0.0,0.017440178534529074,0.0190106211513824,0.0,0.02072538860103627,0.0,0.0,60,100,20,100,60,60,100,60,100,100,16.0,0.0,1100.0,0.0,422.0,460.0,0.0,4.0,0.0
C,71.0,Chevalier International Inc.(CI)),64,Vendor,Food,janelle.zhang,,3952.0,61,0.0,0.3393218623481781,0.003036437246963563,0.0,0.004554655870445344,0.0,0.0,0.0,0.0,0.0037955465587044533,100,20,80,100,80,100,100,100,100,20,0.0,1341.0,12.0,0.0,18.0,0.0,0.0,0.0,15.0
C,71.0,New York Mutual Trading,597,Vendor,Food,shun.sakaguchi,,19862.0,388,0.0,0.028395931930319203,0.02275702346188702,0.0,0.013593797200684725,0.0,0.0,0.007731958762886598,0.0,0.0005034739703957305,100,60,20,100,60,100,100,80,100,60,0.0,564.0,452.0,0.0,270.0,0.0,0.0,3.0,10.0
C,71.0,Bic Networks,634,Vendor,Food,,"jessica.li, yoona.oh",19053.0,400,0.0033590510680732693,0.019944365716685036,0.0032015955492573347,0.0325,0.02193880228835354,0.002571773473993597,0.0,0.0,0.0,5.248517293864483e-05,20,60,80,60,60,80,100,100,100,100,64.0,380.0,61.0,13.0,418.0,49.0,0.0,0.0,1.0
C,71.0,KSY Health,829,Vendor,Non-food,Jessica.Pfeiff,,5724.0,254,0.004542278127183787,0.0017470300489168414,0.024283717679944094,0.0,0.0034940600978336828,0.0,0.0,0.0,0.0,0.0,20,80,20,100,80,100,100,100,100,100,26.0,10.0,139.0,0.0,20.0,0.0,0.0,0.0,0.0
C,69.0,A&C BEST FOOD TRADING INC,596,Vendor,Food,jason.wu,zehua.li,34883.0,381,0.00043000888685032826,0.025599862397156208,0.06278129748014792,0.015748031496062992,0.008657512255253276,0.0,0.0,0.02099737532808399,0.0,0.00014333629561677608,80,60,20,80,60,100,100,60,100,80,15.0,893.0,2190.0,6.0,302.0,0.0,0.0,8.0,5.0
C,69.0,HC Foods Consignment,827,Vendor,Food,,"kiki.hu, zehua.li",37972.0,676,0.0014484356894553883,0.01853997682502897,0.0030548825450331823,0.026627218934911243,0.018645317602443905,0.0012640893289792478,0.0014792899408284023,0.09319526627218935,0.0,0.00031602233224481196,60,60,80,80,60,80,80,20,100,80,55.0,704.0,116.0,18.0,708.0,48.0,1.0,63.0,12.0
C,69.0,NEW BCN TRADING. INC,870,Vendor,Food,zehua.li,,2130.0,69,0.0,0.12769953051643193,0.005633802816901409,0.014492753623188406,0.0,0.0,0.0,0.0,0.0,0.01596244131455399,100,20,60,80,100,100,100,100,100,20,0.0,272.0,12.0,1.0,0.0,0.0,0.0,0.0,34.0
C,69.0,上海盒马网络科技有限公司,873,Vendor,Food,,"azure.wang, rocky.liu",409959.0,697,0.001695291480367549,0.00243926831707561,0.025583046109489,0.007173601147776184,0.009805858634643953,0.0016099170892699027,0.00430416068866571,0.007173601147776184,0.0,2.43926831707561e-06,60,80,20,80,60,80,80,80,100,100,695.0,1000.0,10488.0,5.0,4020.0,660.0,3.0,5.0,1.0
C,68.0,Hadson Toko Trading Co.,295,Vendor,Food,,"emi.shi, zehua.li",97611.0,1443,0.00028685291616723527,0.2180082162870988,0.009640306932620298,0.016632016632016633,0.012170759443095553,0.0004097898802389075,0.000693000693000693,0.02564102564102564,0.0,2.0489494011945375e-05,80,20,60,80,60,80,80,60,100,100,28.0,21280.0,941.0,24.0,1188.0,40.0,1.0,37.0,2.0
C,68.0,Wang Global (NJ),593,Vendor,Food,,"jessica.li, yuri.jang",48308.0,824,0.0008073196986006459,0.004057298998095553,0.052413678893765005,0.0012135922330097086,0.0028980707129253954,0.0471971516104993,0.0,0.0048543689320388345,0.0,0.00010350252546162126,60,80,20,80,80,60,100,80,100,80,39.0,196.0,2532.0,1.0,140.0,2280.0,0.0,4.0,5.0
C,68.0,Unibest Global Inc,648,Vendor,Food,janelle.zhang,"josephine.lee, tony.xi",922629.0,4390,0.0011478069733338102,0.0424417615314498,0.01786850402491142,0.006605922551252847,0.016967816966516336,0.0035312135213612407,0.0009111617312072893,0.025968109339407745,0.0,0.00011163750543284463,60,60,60,80,60,80,80,60,100,80,1059.0,39158.0,16486.0,29.0,15655.0,3258.0,4.0,114.0,103.0
C,68.0,Cachisakari,737,Vendor,Food,,"haiwei.shen, satoshi.abe",8578.0,366,0.0012823501981813943,0.02098391233387736,0.011657729074376311,0.01092896174863388,0.073327115877827,0.0,0.0,0.0273224043715847,0.0,0.00046630916297505244,60,60,60,80,20,100,100,60,100,80,11.0,180.0,100.0,4.0,629.0,0.0,0.0,10.0,4.0
C,68.0,北京尘心宁逸科技有限公司,931,Vendor,Non-food,summer.xing,azure.wang,7001.0,217,0.006999000142836737,0.0,0.0844165119268676,0.013824884792626729,0.02099700042851021,0.0042851021282673905,0.0,0.009216589861751152,0.0,0.0,20,100,20,80,60,80,100,80,100,100,49.0,0.0,591.0,3.0,147.0,30.0,0.0,2.0,0.0
C,67.0,Yumei Foods USA Inc(YM),138,Vendor,Food,catherine.li,,252684.0,826,0.0007598423327159615,0.005303066280413481,0.021916702284276012,0.0,0.0033401402542305803,0.00023745072897373795,0.0,0.015738498789346248,0.0,0.0006688195532760286,60,80,20,100,80,80,100,60,100,60,192.0,1340.0,5538.0,0.0,844.0,60.0,0.0,13.0,169.0
C,67.0,Success Import USA Inc,497,Vendor,Food,,"abby.yu, kiki.hu",367358.0,3351,0.00019599409839992596,0.013482760685761572,0.0396833606454739,0.0041778573560131305,0.0010698011204329293,6.805350638886318e-05,0.0008952551477170994,0.008654133094598627,0.0,0.001088856102221811,80,60,20,80,80,100,80,80,100,60,72.0,4953.0,14578.0,14.0,393.0,25.0,3.0,29.0,400.0
C,67.0,ASIABNC Co.ltd (KRW),821,Vendor,Non-food,yoona.oh,,12816.0,184,0.00015605493133583021,0.0009363295880149813,0.11540262172284645,0.005434782608695652,0.05485330836454432,0.004057428214731586,0.0,0.08152173913043478,0.0,0.0,80,80,20,80,20,80,100,20,100,100,2.0,12.0,1479.0,1.0,703.0,52.0,0.0,15.0,0.0
C,66.0,Summit Import (SI)---NJ,250,Vendor,Food,jason.wu,"Jessica.Pfeiff, zehua.li",12394.0,300,0.00016136840406648378,0.24866871066645152,0.02517347103437147,0.006666666666666667,0.009682104243989027,0.0,0.0,0.03,0.0,0.0,80,20,20,80,60,100,100,60,100,100,2.0,3082.0,312.0,2.0,120.0,0.0,0.0,9.0,0.0
C,65.0,HangZhou YaBai (CN),612,Vendor,Food,"rocky.liu, summer.xing","azure.wang, emily.wang@yamibuy.com, rocky.liu, summer.xing",250616.0,802,0.0013566571966674116,0.024212340792287804,0.010390398059182175,0.04738154613466334,0.03096370542982092,0.001177099626520254,0.007481296758104738,0.04488778054862843,0.0,0.00034714463561783763,60,60,60,60,60,80,60,60,100,80,340.0,6068.0,2604.0,38.0,7760.0,295.0,6.0,36.0,87.0
C,65.0,"Guangzhou Bafang Industry & Trade Co., Ltd",795,Vendor,Food,,"azure.wang, rocky.liu",42459.0,555,0.0018841706116488849,0.05066063732070939,0.0709154713959349,0.0,0.030853293765750488,0.0,0.0,0.0018018018018018018,0.0,0.0,60,20,20,100,60,100,100,80,100,100,80.0,2151.0,3011.0,0.0,1310.0,0.0,0.0,1.0,0.0
C,65.0,Mercaso,959,Vendor,Food,sonia.yang,,8604.0,241,0.0,0.12447698744769875,0.0,0.08713692946058091,0.10123198512319852,0.008368200836820083,0.004149377593360996,0.03319502074688797,0.0,0.00011622501162250116,100,20,100,20,20,60,80,60,100,80,0.0,1071.0,0.0,21.0,871.0,72.0,1.0,8.0,1.0
C,64.0,Wei Quan USA East,588,Vendor,Food,jason.wu,,9422.0,107,0.00021226915729144556,0.24410953088516238,0.06368074718743366,0.0,0.03566121842496285,0.0,0.0,0.028037383177570093,0.0,0.00021226915729144556,80,20,20,100,60,100,100,60,100,80,2.0,2300.0,600.0,0.0,336.0,0.0,0.0,3.0,2.0
C,63.0,Grainway.Inc,480,Vendor,Food,abby.yu,josephine.lee,31749.0,536,0.0008504204856845885,0.09534158556174997,0.012630319065167407,0.027985074626865673,0.02463069702982771,0.005543481684462503,0.0018656716417910447,0.029850746268656716,0.0,9.44911650760654e-05,60,20,60,80,60,60,80,60,100,100,27.0,3027.0,401.0,15.0,782.0,176.0,1.0,16.0,3.0
C,63.0,Pelikan Trading Inc,499,Vendor,Non-food,sophia.zhu,Jessica.Pfeiff,10952.0,371,0.011322132943754566,0.01579620160701242,0.03615777940102265,0.005390835579514825,0.02127465303140979,0.0,0.0,0.02425876010781671,0.0,9.130752373995617e-05,20,60,20,80,60,100,100,60,100,100,124.0,173.0,396.0,2.0,233.0,0.0,0.0,9.0,1.0
C,63.0,America Jiayi Consignment,692,Vendor,Non-food,kristin.chen,,52779.0,1189,0.0004926201709013054,0.11538680156880578,0.01637014721764338,0.005046257359125316,0.023721555921862862,0.03431288959624093,0.0008410428931875525,0.022708158116063918,0.0,0.00015157543720040168,80,20,60,80,60,60,80,60,100,80,26.0,6090.0,864.0,6.0,1252.0,1811.0,1.0,27.0,8.0
C,62.0,Reyes Coca Cola,996,Vendor,Food,sonia.yang,,840.0,38,0.0,0.7285714285714285,0.02142857142857143,0.15789473684210525,0.07142857142857142,0.0,0.0,0.02631578947368421,0.0,0.0,100,20,20,20,20,100,100,60,100,100,0.0,612.0,18.0,6.0,60.0,0.0,0.0,1.0,0.0
C,60.0,Alux Corporation - Con,793,Vendor,Non-food,emi.shi,,8185.0,232,0.0031765424557116677,0.05497861942577886,0.013194868662186927,0.0,0.0040317654245571165,0.008796579108124617,0.0,0.004310344827586207,0.0,0.00012217470983506414,20,20,60,100,80,60,100,80,100,80,26.0,450.0,108.0,0.0,33.0,72.0,0.0,1.0,1.0
D,59.0,FUNTREE INC,734,Vendor,Food,sophia.zhu,"jessie.li, kiki.hu",94697.0,392,0.0031574389896195233,0.024372472200808896,0.043391026114871646,0.012755102040816327,0.06585213892731555,0.0,0.0,0.025510204081632654,0.0,5.279998310400541e-05,20,60,20,80,20,100,100,60,100,100,299.0,2308.0,4109.0,5.0,6236.0,0.0,0.0,10.0,5.0
D,57.0,U.S.Trading Company(US),85,Vendor,Food,,"emi.shi, zehua.li",46604.0,657,0.0020384516350527852,0.14093210883185991,0.03587674877692902,0.0197869101978691,0.03926701570680628,0.0003433181701141533,0.0015220700152207,0.0091324200913242,0.0,0.00019311647068921123,60,20,20,80,60,80,80,80,100,80,95.0,6568.0,1672.0,13.0,1830.0,16.0,1.0,6.0,9.0
D,54.0,Uni-One,1205,Vendor,Food,jessie.li,,533.0,28,0.0,0.05628517823639775,0.0450281425891182,0.03571428571428571,0.3545966228893058,0.24202626641651032,0.0,0.21428571428571427,0.0,0.0,100,20,20,60,20,20,100,20,100,100,0.0,30.0,24.0,1.0,189.0,129.0,0.0,6.0,0.0
